"HMDBID","KEGGID","Name","1796","1797","1798","1799","1800","1801","1802","1803","1805","1807","1808","1809","1811","1812","1813","1814","1815","1816","1819","1820","1823","1824","1826","1827","1830","1831","1832","1834","1835","1837","1838","1840","1841","1843","1844","1845","1846","1847","1848"
"HMDB0029683","C10759","(15:3)-Anacardic acid",1453,116,337736,399,138,2181,13,971,20264,593,277909,24,5299,44217,4528,147198,320,604,37984,75,631,385,366,117,305147,7436,1855,135,43,1861,8708,687,2908,160,2346,3607,63882,792,423
NA,NA,"(2-oxo-2,3-dihydro-1H-indol-3-yl)acetic acid",69026,404620,234076,44731,94070,6941,24604,2747,291659,138610,35754,162875,23387,73853,65729,42390,8946,24573,4273,82950,9003,5,8,521598,94265,2086,527133,179,524977,226467,712735,6064,5459,41012,113517,372,3357,9,8
"HMDB0248946","D01594","[(1-Benzyl-1H-indazol-3-yl)oxyacetic acid",6633,3209,9003,3678,7490,7923,9579,4093,8250,6293,9896,8564,4580,5359,12038,6820,4592,3604,7387,7850,5315,7713,6749,5566,4597,8537,4935,11787,8571,4115,6271,6845,7568,1605,9637,11082,8892,6830,9025
"HMDB0002123","C16361","1,3,7-Trimethyluric acid",7,93,7,15982,209,7,7,7,29236,2262,7,1660,7,144,7,618,7,452,115,103,7,329,793,950,165,79,1487,18530,7975,7,1658,7,458,7,776,7,113,112,7
"HMDB0245045","C02497","1,4-Butynediol",1164,348,1257,441,2052,973,1868,1701,451,1001,1107,499,1053,360,1409,1104,499,685,598,1408,602,871,1554,2417,848,612,526,1154,782,1285,910,938,1113,477,1935,804,998,901,495
"HMDB0002712","C07326","1,5-Anhydrosorbitol",333,441,376,213,536,977,548,501,448,666,719,469,547,469,486,930,357,372,552,565,533,415,361,545,590,1049,454,393,397,300,428,268,456,247,447,268,685,359,520
"HMDB0011103","C16356","1,7-Dimethyluric acid",999508,428044,32257,196000,55666,239159,912614,85298,153477,159662,386342,834142,22873,29805,1269448,636455,4394,194579,136431,129503,16983,52574,175189,229746,6167,566449,419936,74227,99983,361411,153082,693488,2394,867626,2683,12125,369484,110310,12596
"HMDB0244272","D07666","10-Hydroxydecanoic acid",1676,3299,916,2065,6453,4805,2078,2565,2123,5953,4205,1471,2902,4541,1497,225,1296,2158,8636,3876,12016,3812,6427,2475,523,1283,2455,2385,4518,2348,4607,10216,2892,12086,1978,2517,3389,832,1631
"HMDB0000328",NA,"12-Ketodeoxycholic acid",157650,214094,658527,201230,205694,226144,80150,327544,69878,279808,140878,387767,19930,310653,115485,1064,630271,313355,182776,256053,253862,80724,86310,19759,96037,457778,232038,137473,263416,37080,496,223481,182,364337,13,5139,334987,14571,312525
NA,NA,"13-Hydroxy-9Z,11E-octadecadienoic acid",102761,631603,68050,224931,628403,53454,3851684,153425,877072,104740,56113,583679,209023,70466,55138,2112,329960,57318,19338,85486,559107,256174,8007,588133,70590,15645,150131,810507,659956,84269,8,38861,5341,818175,3345,10529,167875,15634,234467
NA,NA,"1-Methylpseudouridine",7,682,573,160,485,399,721,389,453,258,487,213,909,760,733,1751,223,399,381,212,7,197,371,233,9,372,167,144,9,143,646,246,960,275,1189,403,168,204,238
"HMDB0010738","C16358","1-Methylxanthine",13409,18691,10788,11813,21166,14924,20099,10744,5044,20306,9929,23222,6520,7746,3884,43324,6207,18985,17988,49806,13160,15000,19788,16527,1347,12223,12111,23767,7388,16440,16406,13555,25452,16151,12777,19073,22977,14930,3516
"HMDB0245045","C02497","1-Palmitoyl-2-hydroxy-sn-glycero-3-phospho-(1-rac-glycerol)",115445,636996,149426,112696,39622,30395,95882,53824,36467,180674,78680,190076,83733,206064,95751,53858,91181,83707,62130,32137,152595,125797,69104,197238,30639,198617,212627,53195,77703,124979,8,364115,411,185935,8,58922,22841,24295,21758
"HMDB0244272","C02774","2,3-Dihydroxybenzoic acid A",3057,5507,1525,1863,2741,2339,4639,5872,1839,2699,1981,1718,3406,1758,1382,7563,1175,1353,2047,4788,1800,2680,3162,2953,1776,4769,7159,4771,6299,1279,3490,6929,2994,2267,4374,1722,3587,5626,828
"HMDB0001370","C00666","2,6-Diaminopimelic acid",172,28,100,46,630,445,256,221,87,206,165,128,115,45,63,484,50,276,67,297,43,189,1005,64,48,45,49,64,98,615,104,100,237,68,143,605,174,4537,81
"HMDB0240311","C06342","2,8-Quinolinediol",346,24069,414,1835,475,22030,4918,9245,172,164,43095,163,7982,935,189,137,315913,296,237,3293,22115,231,460,3829,120,688,8557,1578,2804,343,135,127,2060,10663,312,327,57378,187,248
NA,NA,"2-[4-(Acetylamino)phenyl-4-quinolinecarboxylic acid",3054,2620,15345,1055,6745,523,2673,6386,10686,1631,1113,6353,4879,8655,556,604,575,1195,372,727,6059,11818,12503,13757,858,1942,4644,1057,2912,444,8447,8977,406,2782,912,250,3273,5838,717
NA,NA,"2-{[2-Hydroxy-1,1-bis(hydroxymethyl)ethylammonio}ethanesulfonate",301,85,245,56,128,211,166,91,155,639,249,130,326,101,266,356,75,92,613,418,91,245,1059,145,183,89,89,89,282,403,164,56,342,90,267,931,255,1123,157
"HMDB0060374","C05353","2-Amino-3-methoxybenzoic acid",98,1485,49,7412,34,401,12412,1922,341,254,496,546,836,797,81,584,250,115,163,715,76,1309,1593,633,134,307,34,504,11583,47,278,505,160,569,249,833,241,23104,1357
"HMDB0060374","C05831","2-Aminonicotinic acid",205699,97630,118217,92663,101983,190519,158493,57560,102953,206770,245541,75845,92823,112608,71689,107106,191116,101507,260101,207685,93268,87075,115057,258429,57778,162145,200608,84494,130079,247651,163964,186474,94932,277947,143638,119669,67065,128724,44240
NA,"C01987","2-Aminophenol",8405,5989,6818,4230,6683,4046,8230,4009,11246,3023,5815,8238,4900,1395,3886,1781,1605,2882,9419,4057,5510,8490,4880,4386,3632,474,8668,5190,4512,3552,11733,7080,7176,1837,12786,5214,6814,1649,3952
"HMDB0000014","C00881","2-Deoxycytidine",315,6737,752,1168,979,2690,5023,533,502,2844,647,675,727,854,339,1305,191,524,2909,499,2838,844,276,149,273,291,1938,453,780,1096,2521,728,505,1219,726,795,1409,251,254
"HMDB0003224","C01801","2-Deoxyribose",18792,3203,2943,4169,6225,25519,19621,5899,6674,44261,26176,15449,4966,5566,4471,16221,4404,6643,9152,11480,12738,7105,38516,20945,4400,4827,21527,7586,9283,30819,11436,13190,8257,7174,31619,24159,16687,16763,7344
"HMDB0000012","C00526","2-Deoxyuridine",22942,144536,40628,72260,34384,78005,115843,9933,17822,105384,39651,96357,27567,77831,14141,35747,26749,91450,151279,23082,131077,86416,8339,10903,21808,17407,52874,24491,26980,137830,73744,30550,65195,102661,7813,22854,48363,6569,13781
NA,NA,"2-Dodecoxyethyl hydrogen sulfate",294727,386158,53678,115238,100949,102264,105378,166528,102433,79210,215618,37699,52766,56920,40338,245,82055,46012,53979,91200,60134,357038,35852,108541,52640,90130,44656,71236,74985,29097,8,18245,70,67070,9,30714,29633,9011,186165
"HMDB0034170","C06202","2-Hydroxybenzaldehyde",820,4089,522,2576,7891,1403,5123,28559,1056,2070,1432,7976,492,2949,437,8315,1689,425,661,604,6424,2596,6316,4503,893,1740,5584,1741,1374,658,1547,3910,1242,1242,2441,1306,1944,13004,1129
"HMDB0002641","C01772","2-Hydroxycinnamic acid",614,572,543,217,1194,545,1679,1266,525,592,892,1395,384,540,532,1333,273,559,481,983,655,1526,1582,935,304,476,434,1319,487,719,704,926,955,710,995,1118,1579,939,654
"HMDB0000729",NA,"2-Hydroxyisobutyric acid",5099,3652,1668,2874,62084,2929,3987,32454,1989,4243,2387,13603,1506,4500,3180,7274,3857,2396,5995,512554,2000,24466,17674,7405,1357,8922,2709,67590,2843,6848,4694,8111,177634,4630,2849,3876,63706,13070,4933
"HMDB0059710",NA,"2-Hydroxynicotinic acid",6007,538,372,654,663,435,1721,396,3370,3171,5636,596,925,2137,3053,682,6739,6142,6892,568,1306,2023,3916,3921,1073,359,3634,771,429,26441,729,1158,676,1295,1544,18567,516,1512,2799
"HMDB0031057",NA,"2-Hydroxypalmitic acid",331844,64240,46784,126322,539114,337127,144938,44901,68652,362526,203960,306891,148401,38098,63249,310,37516,405655,304801,146654,31326,49922,958030,576054,219674,25412,213832,99411,46126,535994,9,293232,8,34626,8,875078,63689,774206,185664
"HMDB0000669","C05852","2-Hydroxyphenylacetic acid",12777,30748,5674,67534,10056,6084,23406,7344,11275,25294,9195,118214,1101,87538,54,13055,23358,9490,5272,16620,13055,37253,59172,27855,77,19047,127319,149647,47552,13853,100959,34773,2105,54628,8732,13658,5363,6258,7
NA,"C06338","2-Hydroxyquinoline",335,556,60,230,956,418,455,64339,266,1244,287,151141,128,564,116,3421,422,340,301,2706,160,1457,5720,438,171,868,288,2394,236,525,659,753,30773,12830,164,391,4020,18177,399
NA,"C06338","2-Ketogluconic acid",5994,459,2026,384,5095,1117,10655,21466,960,9161,5296,11137,3061,888,979,17460,343,3322,2038,11909,686,11813,1290,7106,530,1250,2656,21218,4053,7409,714,2325,12096,8059,1086,6326,15485,50522,927
"HMDB0000422",NA,"2-Methylglutaric acid",40856,1615,78863,2694,38579,120243,16676,39665,27287,72946,140656,7054,34876,15870,86995,35006,16072,23225,26233,47400,12857,12023,72597,14958,53900,16560,9820,37139,46021,79380,18860,10174,63911,7044,75969,237172,66116,28961,47462
"HMDB0000783",NA,"2-Propanamidoacetic acid",625,257,116,116,359,336,215,230,599,515,395,481,97,198,218,876,241,285,378,805,305,404,648,304,164,169,399,449,264,363,546,255,732,673,343,612,528,2271,262
NA,"C06473","3-(1-Pyrazolyl)-alanine",155,178,291,173,209,1762,1023,121,1041,202,129,101,228,114,198,826,121,1373,1777,503,215,147,164,553,702,135,1030,95,681,331,129,2614,179,234,1672,268,1888,299,179
"HMDB0000375","C11457","3-(3-Hydroxyphenyl)propionic acid",9851,15348,7332,15833,7729,16511,11498,8226,10314,10384,21886,54418,20392,19021,6344,11696,11036,2527,3518,6905,14581,6272,7103,543319,3509,16409,764852,7676,10761,12103,96338,22311,21820,7093,24934,4210,8692,4788,15794
"HMDB0000397","C00196","3-(Hydroxymethyl)phenol",789,383,969,191,943,649,12631,656,444,650,903,317,699,330,936,112,248,759,331,1021,1012,444,571,752,284,367,44020,1530,1279,642,1166,417,657,25404,713,2189,664,611,657
"HMDB0001856","C00230","3,4-Dihydroxybenzoic acid",725,156,543,263,598,431,1055,846,190,819,936,388,256,547,837,120,377,669,5448,127,557,496,607,1181,816,2534,570,1101,6433,1372,221,260,68,244,203,5319,1806,220,462
"HMDB0001336","C01161","3,4-Dihydroxyphenylacetic acid",660,786,699,313,717,912,4001,660,505,878,750,718,408,438,638,229,393,282,419,394,1139,300,748,537,365,564,11209,1276,1506,685,44,436,191,6479,203,1283,846,445,403
NA,"C01162","3-[3-Tert-butylsulfanyl-1-[(4-chlorophenyl)methyl-5-propan-2-ylindol-2-yl-2,2-dimethylpropanoic acid",148,219,168,132,152,304,663,195,137,165,83,141,457,172,173,111,94,147,398,92,367,183,148,86,113,143,1041,204,335,350,194,194,170,1248,406,138,73,126,111
"HMDB0061112",NA,"3-Carboxy-4-methyl-5-propyl-2-furanpropionic acid",1201,809,2313,366,1455,1077,1683,1544,687,1433,1802,1306,838,962,2505,1043,571,1228,2631,708,1819,1535,1216,1332,549,815,388,2530,960,3785,1508,1216,1423,798,1781,2814,1160,1076,1884
NA,NA,"3-Deoxyuridine",7671,1967,10749,233,11865,22243,21390,2037,2516,58112,6128,1058,20041,14703,8428,29112,2040,4046,37650,3348,14320,8941,7767,4970,1014,2512,7608,5360,5015,48483,5365,2604,4619,12186,5688,7644,1467,4408,7340
"HMDB0000428",NA,"3-Hydroxyglutaric acid",13674,237,4027,118,7948,5881,1338,2350,347,17544,12075,641,3833,399,9282,8481,510,465,13902,4888,1142,1664,17828,2387,745,294,810,5024,1470,5878,1248,398,11982,534,3079,12578,7340,38019,2547
"HMDB0000440","C05593","3-Hydroxyphenylacetic acid",4457,6557,1228,2034,7044,2974,10542,12273,2805,4060,6063,7120,3984,4780,4530,3058,3196,651,1951,1600,2355,14009,23429,3605,4822,8653,7855,3436,3006,2220,1343,2677,6454,4874,2264,6445,16180,4245,11962
"HMDB0000700","C01013","3-Hydroxypropanoic acid",11545,4376,4910,12960,12731,4544,14299,2855,17336,61949,7274,13615,8324,6735,4036,4634,7800,6627,5913,12794,10098,9816,7105,14952,3502,2395,9806,13747,7278,8508,41097,9245,11748,5057,5981,12636,5424,6806,6899
"HMDB0000197","C00954","3-Indoleacetic acid",699,2443,555,2622,270,706,9195,4875,660,656,437,705,1972,614,277,423,464,610,1093,1321,509,449,2361,469,193,395,2539,290,2042,853,2436,2571,3347,8617,2694,1000,337,1168,1347
"HMDB0002302",NA,"3-Indolepropionic acid",283,1007,141,275,193,253,505,155,281,543,450,915,231,224,146,114,191,549,96,165,726,141,534,640,200,133,681,502,478,250,148,2421,213,837,265,783,164,234,392
"HMDB0059712","C03351","3-Isochromanone",3619,1679,681,3068,11383,1011,5896,558,1618,3027,1753,47777,719,1779,1191,17335,1034,944,2675,48058,746,17386,5,1695,868,1006,1294,1796,1510,1634,3417,1051,32689,864,2233,9,12788,6,4133
"HMDB0000555",NA,"3-Methyladipic acid",17484,1456,41570,2287,5603,40799,11410,35147,40953,96189,81113,3076,38694,14686,62501,30015,25267,7745,32306,17759,7470,12232,7,10554,35056,29030,3764,12735,25645,75621,9909,8615,66174,7342,40068,19439,72714,1688,16801
"HMDB0000752",NA,"3-Methylglutaric acid",28254,1424,75093,2365,35689,86125,29677,39578,21835,32508,103188,2135,19514,4573,85306,23891,14797,23766,21500,48079,8016,14175,29434,3161,33958,10132,5635,31408,24117,47018,42018,9672,82725,4810,59246,94656,24036,30581,29684
"HMDB0000479","C01152","3-Methylhistidine",2689,273,299,260,437,757,1345,9929,146,1324,122,875,800,266,292,568,869,396,1612,926,7615,199,3024,6583,58,388,1734,413,1098,785,1672,194,108,671,187,239,826,955,670
"HMDB0006038",NA,"3-O-Methylguanosine",1213,882,771,505,2005,1197,818,383,463,2752,1115,2120,262,1253,567,2020,296,970,1540,2916,707,1981,375,1157,240,1611,596,2549,393,1043,684,1197,1360,569,1196,1575,1862,2072,382
NA,NA,"3-O-Methyluridine",646,2105,490,526,8,713,466,669,303,270,7,1604,391,2473,8,1769,1665,1026,1324,3539,8,1898,235,1863,401,1823,1464,3722,1527,1198,2012,2744,2135,912,6736,1973,2745,2605,411
NA,NA,"4,5,7-Trihydroxyisoflavone",163,994,256,874,317,3147,10754,1610,40,306,690,210,517,158,1073,142,230,195,117,445,402,787,339,405,617,694,515,463,1563,357,125,454,213,651,670,231,428,779,475
NA,"C07728","4,6-Dihydroxypyrimidine",5952,1496,18936,2324,64018,18451,12486,14598,18161,18163,15454,11901,17361,603,6824,249429,10629,8548,32104,141991,1731,25089,103201,4935,4242,1788,3025,99285,17895,59440,9526,2310,53376,10851,52451,73533,65508,102900,18615
"HMDB0061881","C02129","4-Acetylbutyric acid",1005,523,256,169,1299,385,323,2119,322,546,822,1395,167,1161,349,112,316,105,452,594,381,1348,453,336,436,678,361,2323,327,424,526,519,150,552,267,484,5741,2773,776
"HMDB0000500","C00156","4-Hydroxybenzoic acid",4990,7531,2739,2369,3331,5254,11968,5219,1983,4838,3792,14349,1748,3961,1812,6793,3649,2287,1805,4223,1597,5396,3500,7269,3555,2230,7964,3171,5160,3153,3750,4283,5645,5343,2072,4803,3988,15897,1986
"HMDB0013678",NA,"4-Hydroxyhippuric acid",347,95,224,144,326,263,284,411,103,202,389,299,224,151,372,245,112,1396,184,183,161,160,304,5448,227,187,357,406,304,228,130,160,121,202,133,626,242,202,357
"HMDB0061881","C02129","4-Hydroxymandelonitrile",60,90,42,45,126,46,7,83,32,115,42,122,63,34,34,31,60,26,71,116,49,35,55,56,36,33,84,40,39,69,29,43,1071,65,83,97,27,88,211
"HMDB0246466","C00650","4-Hydroxyquinoline",14476,23947,7418,34441,26110,17903,20497,135038,14631,21549,19300,268269,10902,35433,8744,91548,38400,28242,15364,193937,11685,71163,222090,11599,12426,57592,12469,156186,14261,15971,40061,38246,74835,32430,7398,13488,219955,182497,17983
"HMDB0035268","C06578","4-Isopropylbenzoic acid",189,660,351,450,216,111,26849,407,394,57,263,274,366,133,348,101,215,987,61,65,669,144,127,268,208,101,6263,135,872,273,841,167,65,1042,122,782,56,141,171
"HMDB0246466","C06343","4-Pregnen-17.alpha., 20.alpha.-diol-3-one",239758,92175,52661,35843,137601,37042,1167,43299,97397,11250,12180,13348,64879,10227,230179,560,79608,94355,763,47575,204906,790967,486996,13374,128446,41007,99663,49063,298255,14771,9,47577,9,217914,9,33458,54900,46402,14103
"HMDB0000017","C00847","4-Pyridoxic acid",132743,55249,94243,22550,77945,8955,172101,75015,194502,48412,105019,34732,76788,11313,56834,20897,18679,15920,143784,76973,73835,138335,66027,83616,47477,1533,76879,126389,96283,41548,193853,103799,100378,27553,73039,68275,42855,20329,23125
"HMDB0246588",NA,"4-Thiouridine",439,7,150,1532,755,277,1791,182,73,1399,217,1989,177,744,200,137,237,630,700,1020,407,1072,303,7,335,978,360,510,1601,1744,6268,1019,576,489,7017,444,600,418,182
"HMDB0011653","C04518","5-(Acetylamino)-2-hydroxybenzoic acid",659,394,473,534,891,539,536,933,225,789,986,879,494,469,780,350,278,2292975,622,2199,701,3342,547,1928,246,679,854,1058,344,654,221,1508,756,220,414,675,908,284,358
"HMDB0014389","C07138","5-Aminosalicylic acid",1571,3508,2754,1972,903,573,2122,380,4360,1217,535,4052,1270,5408,9317,746,1427,3409,2024,2154,5587,1382,1701,2690,3498,2894,2935,2376,4103,1993,2333,1586,1565,657,20827,2909,1999,7566,1110
"HMDB0000472","C00643","5-Hydroxytryptophan",370,253,310,155,277,439,424,349,351,385,565,537,501,262,504,1062,473,370,455,1454,367,460,632,380,594,262,349,278,682,826,219,618,661,414,548,609,465,1031,532
"HMDB0000982",NA,"5-Methylcytidine",840,255,514,197,1735,488,556,1037,184,911,861,795,974,949,973,2122,379,330,536,345,1074,1619,1034,464,396,871,502,1086,395,475,556,307,493,353,716,1817,2245,813,994
"HMDB0000884",NA,"5-Methyluridine",3952,36496,4709,19230,3022,13339,8789,1275,2083,4223,1985,8757,2132,12116,2380,7,5258,9541,5678,7,12749,1488,533,2388,1339,11518,3884,5309,732,15101,1770,17383,3321,13940,650,2076,501,443,11442
NA,NA,"6,6-Dihydroxy-5,5-dimethoxybiphenyl-3,3-dicarboxylic acid",57576,38150,65786,93431,136085,61108,44165,63123,244463,59340,100341,193666,46870,87379,107987,323,14565,40473,62560,77682,87387,24634,28318,81775,51510,68000,54853,120405,51089,32631,1111,16280,656,43428,2838,60957,53956,12485,49428
"HMDB0030819","C09263","6,7-Dihydroxycoumarin",943,322,1193,252,2741,946,2501,3038,424,320,1797,1498,2178,390,2064,1998,252,568,141,536,1708,1315,1018,2641,732,686,1669,1462,1051,1372,296,2634,485,2670,1773,2179,550,833,1531
"HMDB0033585",NA,"6-Methyl-1,2,3-oxathiazin-4(3H)-one 2,2-dioxide",618,67,55,39,35177,784,33,176876,1031,46591,26,29,68,235503,2313,77,162,548,3028,54363,6599,37308,186282,291863,467,86,68333,7,34416,28330,247725,78,38,73991,7,7167,1960,7,6810
"HMDB0003217","C06563","8-(3-Octyl-2-oxiranyl)octanoic acid",57101,36147,19290,46334,142046,400922,59069,13926,57193,198376,42219,143416,192365,60829,96335,558,36319,94109,290751,180596,30639,239503,19135,31556,62570,53178,12471,63980,52378,58834,2171,183033,13,74989,13,20845,793036,29216,97839
"HMDB0004704","C14828","9,10-Dihydroxy-12Z-octadecenoic acid",42613,182456,19915,92523,377606,50353,225424,140027,106623,32394,82029,94374,81841,43380,27244,457,62109,132146,45032,21484,33896,56610,29439,142106,33885,16788,111348,58093,166742,17887,11,178348,211,93310,11,30605,72924,2288,86953
"HMDB0035140","C06082","Abscisic acid",1067,373,466,278,242,888,554,781,295,536,2316,567,1404,268,838,122,551,333,667,2456,1077,1412,608,532,318,529,749,4645,750,632,285,420,365,322,578,782,603,828,818
"HMDB0247933","C03248","Acetylenedicarboxylic acid",44241,166000,63432,152021,81042,52521,202854,105215,111264,33686,59249,184163,78893,124501,154090,58480,62685,271684,51322,125432,176730,61189,32179,198851,71017,146535,167343,47995,148031,183630,115355,215381,47248,202662,56723,34907,77080,73339,63608
"HMDB0000072","C00417","Aconitic acid",567,289,295,146,4943,325,717,891,165,880,361,2379,184,289,200,3200,197,366,724,940,270,1075,695,1605,155,219,441,394,265,459,648,1027,650,164,1471,328,1346,3093,365
"HMDB0000034","C00147","Adenine",17056,36437,3801,4522,4571,5754,6236,13814,4430,6129,17145,23655,5851,21382,2253,4930,5878,2949,4895,11326,10433,35969,4658,27764,5958,16088,18719,22855,8406,4265,11325,9222,7754,21472,27253,9178,20900,3009,3781
"HMDB0000448","C06104","Adipic acid",33985,2000,46104,1165,27622,96725,23331,70286,28482,119213,116344,1908,58086,23081,67507,24026,33532,17769,41926,76199,15689,4598,80679,24795,59713,38805,21094,24851,38116,48123,47110,6952,59719,6347,41108,379611,60561,6889,42982
"HMDB0003459","C00993","Ala-Ala",33779,49957,19567,28696,16059,70953,129729,21578,62135,16443,19677,20149,30413,51876,12933,76533,29290,82671,16991,157088,168765,21320,40207,25120,7407,25211,120126,65657,70720,48900,153062,46775,38109,185238,66995,37111,27489,73866,61812
"HMDB0028690",NA,"Ala-Ile",84279,10682,16770,2686,40471,45600,16336,14904,29148,59999,25410,23576,12799,37495,13979,92598,15234,46410,42557,38301,10297,14685,62434,17982,10452,13774,26772,27399,10766,60251,13325,6125,50322,37953,89705,10680,31787,54403,12758
"HMDB0028691",NA,"Ala-Leu",75331,10940,29974,1675,18350,39710,10324,4143,25615,54791,29642,5772,15632,34391,21377,38249,18707,4056,48162,54665,7985,10815,48306,18742,9172,13257,29027,40655,14069,35022,18119,2927,74428,32751,80278,10419,41918,23138,14081
"HMDB0000161","C00041","Alanine",44116,23053,21168,19854,92645,43252,34259,63124,31916,50370,41923,91882,17778,31010,8602,130695,37484,40039,44815,167676,15084,99836,99898,62809,11382,32505,48460,110321,24263,23379,32047,27091,106936,48434,30271,34683,100981,157421,94597
"HMDB0028700",NA,"Ala-Val",109119,10480,30249,2859,23675,58390,11963,5226,23826,91310,35827,8569,18181,43522,20533,50155,16366,12789,80507,56608,9410,13500,54805,32402,10218,13680,38357,35382,11980,39404,17872,4861,64509,48350,66530,19719,49022,22280,23652
"HMDB0014659","C01779","Albendazole",130,127,101,98,136,112,83,73,99,436,93,275,100,135,96,71,88,143,131,76,83,341,113,96,107,102,63,167,91,121,1266,41,332,121,303,365,85,144,82
"HMDB0002404",NA,"alpha-Hydroxyhippuric acid",173,96,114,56,153,135,125,111,96,144,3243,129,220,202,186,136,120,812,98,211,225,248,331,224,143,235,115,187,1549,144,84,142,101,119,298,1198,235,166,101
"HMDB0033896",NA,"Anacardic acid diene",4891,19177,105441,6793,4459,1378,6251,4317,71983,1616,106778,6219,2815,21667,3710,9863,16537,1365,5637,2479,4425,19279,7386,5740,186234,1263,6307,14579,2948,6114,25,3514,2875,7570,25,6917,2758,50699,1096
"HMDB0000646","C02479","Arabinose",5003,4766,3672,10819,6289,1343,25296,21570,5686,11324,6748,30397,4793,3975,3824,12840,6130,7402,4863,3039,6809,16039,2238,7576,2416,8213,6436,29708,5959,8188,8289,7189,2535,7527,1790,5010,36419,23669,4790
"HMDB0000568","C01904","Arabitol",2955,845,7340,2239,8435,1048,1970,4945,6300,2812,3824,4258,17701,3911,4772,21494,2705,10879,7129,32986,4172,4459,8335,610,1490,6564,1387,3676,3397,16328,21261,2563,4552,1378,1839,3202,13091,2497,7104
NA,NA,"Arachidonyl dopamine",332,240,215,342,681,557,467,109,333,412,374,1009,253,243,48,848,447,383,200,215,287,190,157,552,161,281,197,229,354,63999,3209,444,865,127,397,185,1033,25633,255
"HMDB0000517","C00062","Arginine",12611,6402,1761,1782,3420,6546,15485,2845,2283,21900,4327,18816,1297,19749,952,1547,1329,1482,1597,2695,2284,12171,19805,105873,727,12949,39439,2433,2772,2152,2220,8230,1675,52397,3248,2769,6149,30881,985
"HMDB0000168","C00152","Asparagine",1333,756,1007,330,733,1214,1498,627,652,1301,606,3510,669,1432,1197,940,1052,290,1318,1543,1345,1453,1635,1904,422,1705,1602,953,1509,609,762,1297,762,16446,1135,1044,1599,939,1534
"HMDB0000191","C00049","Aspartic acid",18312,190,5551,882,9103,7968,7601,3094,3134,84376,16463,6536,6955,2951,6224,23548,1860,10050,17207,14888,364,6070,38983,51594,2454,2077,8577,1839,3661,35570,6477,2406,12760,6548,16049,37966,5552,99320,5545
"HMDB0000706",NA,"Asp-Phe",591,112,670,105,458,714,929,252,215,1793,527,543,455,548,576,1127,115,77,730,742,91,203,677,2838,312,176,1244,292,299,482,168,320,1171,1124,297,833,901,1368,659
"HMDB0001870","C00539","Benzoic acid",34243,86203,15618,60814,318118,66547,25572,195862,26599,49756,35626,1118345,13179,406703,13742,410759,154594,12176,31954,19822,9861,267523,54729,22285,36793,187517,44323,403735,26584,21274,10370,51846,72251,43260,11980,13849,368299,80927,36341
NA,"C18347","Benzylsuccinic acid",3013,441,2427,296,1370,1033,2045,1617,492,3392,2325,1234,1769,951,4799,220,288,723,596,343,2807,1181,6,1802,824,1210,1671,2403,688,1519,776,1692,390,1293,7,8822,632,121,2130
"HMDB0000754","C20827","beta-Hydroxyisovaleric acid",59803,24750,30039,12146,17531,41310,72165,25713,23146,73963,20086,57785,13174,23029,7645,47910,15276,16880,43077,84027,54339,73546,80473,115089,13710,43610,56260,79549,16327,48178,59609,44575,28068,31830,30257,18351,40020,15306,24795
"HMDB0010731",NA,"beta-Hydroxymyristic acid",15101,10395,2571,2263,18357,13134,3200,7291,5371,9190,8099,5351,6120,1662,5342,1646,3986,8273,9030,31495,3226,3468,26797,10428,13010,3907,18730,2392,3360,10580,575,9039,297,1665,10,90035,1800,11988,4389
"HMDB0000808",NA,"Butyrylglycine",2136,10920,1111,6133,17195,4880,6863,13951,2707,6345,14261,50008,874,4548,483,40705,14069,11777,9048,121139,2573,23377,28302,19067,800,2515,10515,47832,1928,9502,3174,14811,35080,9182,3481,7233,9295,34476,6331
"HMDB0247617","C19418","Carboxyibuprofen",975,2399,1096,322,1558,916,707,1119,3200,325,1986,456,817,29162,1921,368,488,488,390,894,269543,1321,59248,677,626,166872,305,5889,15824,1532,303,985,109,530,2191,2284,1229,55754,2856
"HMDB0000033","C00386","Carnosine",4577,688,3202,600,3937,2410,7446,819,2900,9655,2244,2755,1857,2879,844,2370,1583,4035,3473,5254,4102,995,14389,2680,292,2151,8569,2517,2889,11676,3088,810,2797,15805,1910,3197,2673,2422,1173
NA,"C12271","Cellobiose B",1933,5935,1803,1394,1479,2228,4150,2374,1522,2714,2500,10829,4326,4653,2296,188,1091,7023,1980,1916,3455,2365,7507,2231,1681,2407,7221,1815,1892,4994,8,7273,995,17393,134,2626,2956,2665,590
NA,"C07966","Cerivastatin",52,316,76,52,571,3493,470,90,91,295,300,146,170,218,173,199,162,118,103,132,221,81,196,59,79,118,1077,137,151,266,106,150,81,218,149,79,82,200,112
"HMDB0002586",NA,"Chenodeoxycholic acid 3-sulfate",482,1917,185,120409,1774,644,193142,880,297,8,371,98925,191,7,309,10,8,458447,8,755064,1489,7,363432,207275,9,8,16884,610,225028,8,162,7,302,320994,10,243,8,291302,199
"HMDB0000653","C18043","Cholesterol 3-sulfate",1724805,1254788,3283331,1829554,2147511,1772053,3285508,1141439,1730124,2110866,2016137,2146572,1904754,1316182,2673733,436031,1882728,2851383,2089760,4663232,2182132,1888720,3127250,2727062,2122847,2131377,1542593,3108957,1782306,737495,299548,1484930,405162,1812205,477823,1735785,1714017,2358986,3188128
"HMDB0000619","C00695","Cholic acid",3316,7177,6339,4960,1157,17619,18712,1722,2863,7465,4508,7903,1790,4804,4088,2291,11497,7100,6951,109352,8433,2300,7468,1777,7223,4349,8881,8681,5952,8951,9,6967,2114,7229,9,392,13837,5430,4393
"HMDB0000634","C02226","Citraconic acid",5667,1067,6972,1584,9321,6108,8269,11742,2483,5657,5538,1591,7277,990,8204,4904,2262,3451,1668,3911,3197,2939,2275,13077,3566,1835,2823,6178,5009,6168,5313,5026,3188,2047,11767,5381,3497,3812,1701
"HMDB0000904","C00327","Citrulline",53428,7661,42625,8986,16597,25141,41958,17376,42363,130497,86437,50667,49845,38105,13454,58826,26223,30056,52327,35258,23032,61445,73010,33783,9824,26238,80550,6025,26662,59453,10069,17818,24186,119559,25077,64144,8437,18919,43376
"HMDB0141782","C02666","Coniferylaldehyde",256,6488,286,61,483,177,278,491,141,139,376,2493,351,89,377,62,127,89,77,78,478,217,371,1165,196,131,266,418,109,288,204,406,27,215,406,583,30,306,234
"HMDB0250451","C08431","Cordycepin",613,420,162,349,651,1073,449,261,355,375,1322,740,496,542,463,746,450,456,1305,647,784,584,548,699,353,420,917,772,205,876,961,754,1323,275,604,742,455,322,420
"HMDB0000015","C05488","Cortodoxone",2086,1654,3287,2265,40440,6568,2446,807,32295,3952,4315,20563,3509,1434,2235,938,8684,2545,2425,70056,5579,1295,33740,670,2922,12337,3020,2802,7296,13196,231,7751,31492,629,10,26167,1076,1207,145831
"HMDB0000562","C00791","Creatinine",616,519,368,1355,425,1843,13066,1978,368,611,466,2474,190,641,544,357,568,210,614,734,359,420,1915,18381,418,608,222,247,8630,594,808,203,330,257,341,387,616,228,252
"HMDB0031340","C02824","Cyclohexanesulfamic acid",685,511,736,462,1509421,366,1208945,1518827,1137,954403,434,439,21326,10306,510,1412,480,152,772447,39635,1060,687,2115829,849096,414,506,462,1225,2056859,871,3092,295,584,235,2041,1365579,793,408,207
"HMDB0002757","C00506","Cysteic Acid",154,54,156,220,432,343,189,34,311,491,298,61,186,136,192,164,126,232,219,245,47,84,4556,226,179,135,260,142,272,877,440,90,256,45,361,547,194,1167,258
"HMDB0000089","C00475","Cytidine",1699,7146,395,1439,1079,534,4321,334,348,4552,670,1992,735,2252,329,389,322,502,864,1799,1128,1195,369,7785,117,3454,2285,1259,617,286,1757,1979,276,2615,292,2079,1759,1350,68
"HMDB0000095","C00055","Cytidine-5-monophosphate",51,26,35,34,2264,29,77,48,45,17,339,74,34,32,34,42,46,65,38,27,20,373,23,83,73,19,40,319,21,73,51,55,36,24,85,42,41,69,67
"HMDB0003312","C10208","Daidzein",895,582,171,8802,397,1478,35948,24961,2166,1898,491,53400,1990,14069,248,106,2969,448,706,9010,250,2767,9758,86,337,3532,13454,1875,1747,212,14464,613,502,1927,19515,7810,349,2210,2749
NA,"C13154","Dehydrocholic acid",408,633,1256,2328,704,638,627,400,2846,436,1403,1063,1017,1758,717,378,924,818,1255,10542,2694,934,202,1223,324,1991,1703,1629,2740,1520,504,3335,231,1232,404,397,1673,1116,1336
"HMDB0001032","C04555","Dehydroepiandrosterone sulfate",3493,32812,997,152818,30613,2435,133247,1915,9304,3362,3711,48281,1548,1863,3931,193,1381,371464,1734,338357,163508,5248,133240,579031,3593,3708,1039584,7982,11501,1679,7,1679,157,263867,8,2320,6041,2586,2319
"HMDB0038457","C16952","Dihydrocapsaicin",156,1706,735,363,184,246,987,171,1119,60,198,153,376,320,304,57,1195,1116,198,124,616,98,58,2247,172,372,405,114,1393,506,1132,212,21,432,412,83,70,27,200
"HMDB0000528","C00337","Dihydroorotic acid",420,78,542,89,1373,377,108,628,216,910,580,249,224,93,399,3474,205,158,512,798,133,2290,1108,182,300,143,139,2299,153,386,192,31,4099,132,1328,2833,492,1307,1969
"HMDB0000623","C02678","Dodecanedioic acid",100845,298948,50492,24475,375007,73059,71610,161261,616338,113566,385499,217563,21818,102804,80740,87100,79939,5266,65818,119219,52484,1445753,48829,1517969,24554,85033,51601,114199,85359,71338,775177,180339,56326,96741,81836,608109,40281,5237,28501
"HMDB0251662","C13776","E-4031",1672,3391,849,1683,2616,831,2511,892,768,3712,1373,6287,669,1575,441,202,1444,1538,9668,700,2397,4686,338,858,436,662,3016,1670,667,6553,515,2172,9,3219,614,1414,2350,1218,541
"HMDB0006101","C18165","Enterolactone",21967,52425,44742,209157,112902,243942,75661,712106,148941,212943,192163,182162,129682,260173,331471,379,242537,33922,9517,43213,468184,195280,45001,58682,69487,67311,151893,49692,77080,569195,3650,69583,231,57489,538,193928,215272,1229,106244
"HMDB0001871","C09727","Epicatechin",2907,396,4296,651,2070,619,4761,3205,1552,252,3281,1327,4152,735,4978,11,456,3978,425,685,5107,1326,786,2754,344,549,4011,5389,4276,949,260,1304,150,1229,11,6247,1045,443,1459
"HMDB0013230",NA,"Epitestosterone sulfate",105160,17633,3095,13301,5831,12535,3324,24676,52038,29810,39170,11470,11669,9502,123121,291,3945,21412,31299,20662,9882,36605,331364,120308,68721,43558,23903,84577,45247,1954,12,50802,12,26289,12,24298,119529,8277,89376
"HMDB0031233",NA,"Ethyl sulfate",7722,62,730,121,1951,806,37134,633,1465,1493,6801,63,594,73742,290,16264,3666,874,394,28098,32086,32624,8635,67991,334,6753,8363,233530,3511,45207,1580,2730,260,4304,7186,1180,528,2272,282
NA,NA,"Ethyl-beta-glucuronide",514,162,1154,84,502,1161,952,406,809,1400,3423,845,2284,1071,2517,2143,968,465,1871,1776,1409,1037,697,1750,3232,613,1459,1459,3312,3285,632,471,937,137,1243,1584,1130,367,847
"HMDB0000622",NA,"Ethylmalonic acid",6035,1618,6475,696,12691,14645,4937,10699,5406,6471,8673,4497,4148,2358,6020,5365,2234,1596,15002,4225,2773,5259,4307,9905,4727,1864,1260,5999,3002,8714,5773,1267,3952,886,3444,12815,6448,4227,5524
"HMDB0015108","D01966","Ezetimibe",312,149,365,630,1222,476,464,338,132,124,389,666,271,1042,622,147,203,150,211,613,551,212,1094,253,280,78,309,811,576,143,289,229,243,2750,575,472,185,63,1109
"HMDB0000055","C06422","FAHFA 36:2",37942,16837,117422,50319,61463,85974,205506,396950,50340,53826,92845,99716,58990,15223,29103,5957,32399,260678,57500,91035,16274,30580,60466,53698,38841,33630,12321,26336,25641,59412,13286,33364,236,36288,206,6339,70301,54412,525784
"HMDB0000954","C01494","Ferulic acid",5585,2313,1356,2354,9997,4756,4796,11528,11324,1880,3290,2995,4379,1207,2671,16041,5421,1335,971,3625,3727,2336,1757,908,1586,5445,11803,8963,2580,3130,12643,2180,4516,3248,2878,3689,42955,971,2614
"HMDB0001248","C00016","Flavin adenine dinucleotide",293,40,543,97,297,471,241,231,312,705,1005,28,692,29,509,8,161,314,337,299,247,115,736,96,222,101,108,177,627,2320,21,113,21,451,8,1209,247,1889,314
"HMDB0000565","C00880","Galactonic acid",5294,536,1037,1108,16050,4784,5557,9920,3242,18032,2390,9852,2984,1640,1047,63359,3499,9752,1771,78917,733,8648,89023,10203,1157,856,9891,15737,1637,2635,2034,17196,7237,2942,8445,8349,53092,11821,3618
"HMDB0000112","C00334","gamma-Aminobutyric acid",452,130,330,107,2629,1305,189,1642,296,1146,545,1148,206,187,169,2830,670,674,548,3711,192,3626,1335,261,73,433,228,4378,290,3000,796,118,4876,151,735,1018,6243,2266,793
"HMDB0011171",NA,"gamma-Glutamylleucine",88300,1022,33077,1027,26909,26209,13134,7477,16937,97523,84452,4772,18903,6939,30659,54079,5529,6812,65921,40402,3548,11486,43621,38074,9632,6531,18920,14988,11488,86166,5819,3383,42230,55584,29116,50284,26087,64525,30279
"HMDB0034367",NA,"gamma-Glutamylmethionine",1351,122,815,90,762,723,330,348,312,2048,796,420,775,385,818,133,360,289,566,1266,514,776,2156,834,958,294,545,920,563,1297,179,338,185,467,121,1774,585,4872,1121
"HMDB0011741",NA,"gamma-Glutamyltyrosine",1419,447,290,321,429,471,467,253,1719,370,376,240,708,854,204,1668,839,395,216,211,350,425,760,111,158,1146,1119,4555,497,259,298,149,650,940,691,657,1724,537,429
"HMDB0000152","C00628","Gentisinic acid",4061,1469,3746,1084,3726,1415,5518,1707,1827,1430,1204,648,1214,1569,1203,2003,578,521,1711,1660,1651,2669,5026,1202,1213,1991,14308,17167,10453,4226,1217,2549,982,11162,1139,2559,1276,1359,697
"HMDB0141782","C02666","Ginkgolic acid I",4578,9859,230886,7838,762,11241,2647,5066,39005,1727,47901,11719,1145,18459,530,3140,22730,155204,5437,1469,2063,50986,13023,1379,118972,4687,2030,7703,38721,3517,58,1093,1282,5486,58,3193,2403,48136,1998
NA,"C08431","Ginkgolic acid II",411,525,110638,684,471,282,3361,29520,645,629,4108,576,35,3857,103,2534,1921,822885,1973,983,1131,7944,950,171,1046,308,340,266,86850,277,548,349,850,681,91,167,666,781,1380
"HMDB0000122","C00221","Glucose",46400,116342,65332,62822,88285,76438,158103,97624,44398,55910,59631,98632,53001,54983,22920,66299,47999,224818,61706,65190,155886,85017,147370,85161,16121,39517,243149,255078,76888,98920,67398,140395,18526,341926,105665,78440,137293,154501,45558
"HMDB0000252","C00319","Glucuronic acid A",3698,517,2065,805,4708,2474,14602,12946,2181,9817,5399,4089,4883,1252,1346,14386,462,4010,3321,6413,2966,6431,3768,4450,1162,1432,2075,9493,5654,12811,4494,1510,5741,7384,5592,7371,13986,57939,1200
"HMDB0000528","C00337","Glucuronic acid B",3590,968,1352,1303,4812,2969,20079,14320,1838,10299,4307,6306,2575,1180,957,14786,400,3027,1462,6272,1354,7994,2885,6999,813,1472,2664,16058,9312,7435,3993,2394,8451,14526,1856,8129,6324,52890,1219
"HMDB0000148","C00025","Glutamic acid",473790,11433,400814,61761,294503,134851,215438,223419,192945,1294934,736912,235107,311834,59608,110987,1183834,318647,144239,571549,671801,110666,361790,929133,536508,103864,120882,205214,276211,269404,782490,265422,177308,569347,127791,756110,1216443,510647,1156306,322646
"HMDB0000641","C00064","Glutamine",37510,6008,9273,9136,4298,16011,22960,4671,8933,66084,20719,18116,9759,17039,7892,14676,5141,19905,24598,18706,7248,16947,13356,57113,2807,18126,40731,5135,4125,14022,7567,7537,7424,66300,8016,10270,12870,32607,10448
"HMDB0000661","C00489","Glutaric acid",300335,5630,8532,28903,179659,300493,111844,244188,163897,512053,658455,49494,108527,152445,222894,281312,21488,23690,213479,335812,73683,165932,464643,249754,172332,9923,78678,292173,270486,791185,195285,47441,265579,41229,234898,646921,158669,147304,137235
"HMDB0028829",NA,"Glu-Thr",4141,73,830,119,857,1575,1118,260,761,14237,3376,267,1449,353,796,3059,89,526,2361,1095,209,357,2256,4629,392,150,669,259,605,5868,119,179,96,2435,869,1773,985,5892,788
NA,NA,"Glu-Val-Phe",1350,56,552,78,401,654,256,197,386,1986,675,226,471,592,354,476,334,212,1046,618,284,585,820,841,155,260,578,463,315,573,332,156,451,568,482,1042,428,377,327
"HMDB0001051","C02154","Glyceraldehyde",15113,32739,18880,18704,24626,24566,47116,26272,13007,20320,20770,29581,15464,15844,7547,30178,14494,69442,20187,18135,47671,27095,32961,25864,5197,11235,63117,78392,21791,31265,24933,40783,5961,80657,34599,38022,38508,40352,13877
"HMDB0000139","C00258","Glyceric acid",10799,9313,5576,8271,42070,6302,23964,23085,4886,23029,8315,21901,2912,8549,2494,32255,9469,12386,17174,7274,8989,19827,34609,24926,3338,5709,20078,23000,8270,5970,19383,23480,5024,16303,29354,8991,23135,64942,6718
"HMDB0000138","C01921","Glycocholic acid",3306,15889,17208,10250,1874,4811,11792,1665,3394,4111,5226,16814,2005,4814,1913,1675,2457,6280,4019,30057,10345,3129,4670,6099,6555,15504,22583,4743,9512,1984,14506,2051,136,12804,1115,63560,3896,2479,350
"HMDB0000631","C05464","Glycodeoxycholic acid",5155,50408,14413,21677,3163,10516,15881,8322,4322,4471,6589,73325,1335,14863,5877,9,47827,46083,18225,184689,22381,5432,59978,9653,9536,8008,53516,26532,17243,5024,9,8706,9,19809,9,18638,20858,9608,6938
"HMDB0028853",NA,"Gly-Tyr",5744,2445,2912,1858,2181,2972,3308,2349,5611,4748,3315,4000,1704,5222,2059,4905,9083,3443,4827,10546,1624,7245,3535,6287,1624,3492,6426,7318,2399,2690,3359,3636,5575,6551,3655,1761,7066,4808,3588
NA,NA,"Gly-Tyr-Ala",2001,431,887,259,843,1640,1020,244,1226,1732,1009,475,696,1506,378,749,582,661,1696,1250,449,779,666,2212,408,1084,2085,733,575,742,583,612,828,4069,1042,308,1115,823,753
"HMDB0000132","C00242","Guanine",20249,29980,6710,4773,8094,9782,12143,2549,2690,29191,5706,9590,4756,3599,1748,4992,2472,2235,11543,11299,10105,9570,2335,35716,332,16000,13949,6896,3616,2267,12430,13641,5018,6044,5032,3799,17419,5916,896
"HMDB0000133","C00387","Guanosine",14120,24083,10528,3738,4361,4093,19472,317,1300,48041,4284,16463,1112,35985,2231,2874,1097,3979,12062,12977,9639,7465,4417,35136,273,22272,8586,3020,507,4626,2668,14311,2221,5689,3816,8006,5323,4847,554
NA,NA,"Guanosine-3,5-cyclic monophosphate",217,203,338,179,254,246,310,67,126,193,273,99,262,237,256,114,74,209,347,2629,102,87,76,977,122,101,328,229,120,476,135,498,87,681,416,1001,140,967,128
"HMDB0253041","D07202","Halometasone",468,149,5099,205,456,271,2475,594,737,151,583,278,1161,682,1806,184,330,501,165,663,1855,315,207,677,193,325,6838,1330,229,205,89,894,383,3721,168,1150,237,233,920
"HMDB0033897","C10794","Histamine-trifluoromethyltoluide",705,12473,2396,305,745,252,25509,405,451,1777,808,1275,1897,250,670,2207,1309,71189,378,297,966,1227,590,2185,1096,1423,2236,889,1034,27527,201,1759,175,540,9,840,303,2867,209
"HMDB0000177","C00135","Histidine",6377,2167,5364,4259,3235,8105,11977,2718,11314,20533,5355,9010,3911,5411,1983,4885,3607,8930,11703,13204,4280,9437,6979,39310,1954,7881,36340,2222,6221,7262,9017,7473,3972,39512,14596,5992,6461,15649,4469
"HMDB0000130","C00544","Homogentisic acid",2756,2001,1288,1277,1043,335,8,1659,1265,2276,1267,1048,1184,456,1443,62,641,154,907,650,2858,1602,1503,2929,802,787,2372,1929,48280,1369,44,496,128,1021,382,2416,565,146,445
"HMDB0000719","C00263","Homoserine",9720,6152,976,5667,6800,9404,3248,2014,4764,11858,5573,16233,4185,7971,386,9505,19217,6636,11238,15268,3158,19598,16777,10611,92,22212,7289,19821,1331,4059,3151,9582,2057,6441,3032,5926,3265,19047,12414
"HMDB0000118","C05582","Homovanillic acid",691,1101,504,207,382,1007,3798,639,279,1880,873,720,821,366,747,144,1332,267,131,503,1540,702,713,789,496,291,8625,916,682,368,272,1068,337,533,308,2315,320,558,1277
"HMDB0000157","C00262","Hypoxanthine",272032,518967,263123,239918,460746,359707,285499,280327,82069,378180,165481,303338,142476,158688,69351,558779,69088,251798,241827,464625,269533,194222,40928,325709,27062,297364,238380,536454,304437,154285,423800,151560,374084,444943,433163,201051,572711,210541,31814
"HMDB0028910",NA,"Ile-Ile",993439,735171,411299,251342,421338,258768,725534,132654,572119,913234,460305,666866,155331,830842,401153,341994,331381,773987,798296,818603,320324,167004,476349,965887,213146,539774,1009563,565204,191714,501664,238554,319812,493398,1093434,607676,125059,684403,256066,301191
"HMDB0000671","C02043","Indolelactic acid",1856,2168,1006,1177,8,8,1714,2816,1065,8,1354,13053,773,1036,707,238,1727,791,8,30993,2305,3959,27273,2039,892,623,1268,3488,740,2609,2089,3564,8560,1428,2657,8,2501,13962,8
"HMDB0000682",NA,"Indoxyl sulfate",41,88,55,71,49,76,124,29501,72,48,79,33,75,40,59,57,46,28,100,49,50,145,103,84,29,38,135,47,180,77,80,25,28,53,62,191,42,154,65
"HMDB0000195","C00294","Inosine",33707,98100,45205,28343,31063,20313,91694,2005,3470,145186,20093,36037,6010,59381,7180,39024,3572,29885,61309,59690,53483,21980,4163,76913,805,64134,26818,26595,2858,41777,10375,33432,11706,31999,38667,65756,37025,16176,2482
"HMDB0000172","C00407","Isoleucine",105699,70644,60394,50813,160772,105668,83156,80258,73685,120867,98567,220695,33532,105659,28248,194976,102956,85210,133049,145721,43498,222048,200548,137440,38431,111277,119758,160334,49060,19327,75592,87922,36922,159568,58347,69731,168631,214479,175399
NA,NA,"Isomaltose A",851,629,935,868,726,769,1667,832,808,2084,1176,3165,1931,1284,1520,10,1029,3097,915,691,1551,950,1838,992,1455,1006,2688,1257,1465,2397,10,2890,10,3715,115,999,1658,3251,524
"HMDB0002655","C10084","Isorhamnetin",383,2425,258,1239,179,869,7109,748,469,97,691,196,230,166,312,68,104,213,101,198,319,177,202,123,394,1295,987,383,1567,848,66,401,69,2883,54,1550,303,127,432
"HMDB0000704","C03975","Isoxanthopterin",1082,251,1154,110,39,702,167,428,646,459,523,232,147,201,349,200,123,434,492,126,671,618,224,640,92,461,487,563,771,823,1318,565,765,397,324,336,1527,319,244
"HMDB0005801","C05903","Kaempferol",502,643,287,3988,355,575,2035,608,162,276,574,477,726,183,1036,155,127,289,204,218,1194,376,382,299,257,337,297,381,332,87,100,1118,108,551,97,1773,361,215,308
NA,NA,"Ketoisovaleric acid",46050,5525,3405,6790,82326,5393,6534,72126,3591,26391,2778,62464,4474,16586,6787,178027,17696,3210,24855,13622,2245,54383,22603,8325,14673,27614,3745,53188,2447,8237,8360,22558,48225,9778,3042,4566,159887,72404,13759
"HMDB0000715","C01717","Kynurenic acid",6789,5636,36681,2473,15062,1257,6588,13913,23757,3393,2203,14003,11396,19230,703,966,922,2501,581,1275,14684,27598,28178,34939,1334,3804,11500,1743,7673,880,19228,21856,256,6300,1761,412,7067,12533,1573
"HMDB0000127","C00191","Lactose A",1408,5879,1192,977,994,2588,2304,1858,773,1936,2061,2634,3093,4648,1380,1535,594,8433,1552,2061,2897,2612,11792,1542,1479,2972,7706,1479,1675,4030,73,10406,890,24781,206,3075,1667,1765,593
"HMDB0000740","C07064","Lactulose",3128,607,1472,949,1224,2060,3974,611,659,2566,3881,3250,4613,799,1998,221,917,2028,2499,1268,1695,602,3024,1764,1347,1124,1933,636,1483,5658,16,1676,8,2346,317,1664,1258,1493,677
"HMDB0028925",NA,"Leu-Asp",75326,4642,24901,4734,21363,35438,13530,6774,14793,130099,50578,5401,18036,12004,28233,22890,3739,6615,52763,33440,3063,10246,10093,27419,8660,7215,13767,8168,11639,153506,9197,1758,41399,29774,24537,56516,20634,54201,16749
"HMDB0000127","C00191","Levocetirizine",1302,180,944,157,628,319,374,604,142,910,756,277,1391,459,2483,378,707,625,420,6,548,625,595,6,296,878,6,459,518,2555,8,759,229,173,500,1150,178,142,1282
"HMDB0029519","C09762","Liquiritigenin",611,4088,834,16419,2709,5172,47846,721,19776,3834,388,25579,550,5687,1325,224,936,347,1217,10292,851,733,4654,472,736,497,9106,1275,436,444,193,342,154,1534,24446,1284,212,270,869
"HMDB0000684","C00328","L-Kynurenine",1311,575,559,207,878,666,849,556,880,505,1036,805,2086,557,1045,1666,347,846,1671,8460,1510,1613,1001,808,158,440,1530,934,508,783,702,551,472,343,708,2573,926,844,664
"HMDB0001314","C00942","LPE 14:0",51825,55793,68286,61840,27217,13428,35954,50149,31148,48184,54492,80471,32745,78446,51224,79919,51975,29899,40484,4568,114796,58180,36259,74794,20963,57008,63636,8477,24298,42335,17387,50748,27333,8996,47577,44987,24312,1431,11505
NA,"D07202","LPE 18:1",43404,51625,41621,35640,18777,43765,40193,22367,22009,34085,81680,30223,26412,47181,18207,81733,37132,23152,65242,125,41771,31891,76209,13298,15461,110905,67841,7252,23166,31663,32493,29789,15581,22160,103025,83244,20790,2094,18035
NA,NA,"LPG 15:0",52331,17605,5225,5928,6793,3887,4441,3387,29760,69193,8984,5606,29734,19641,34406,22747,10986,3730,20498,1089,4600,4970,32668,6306,3721,12294,25368,2441,3880,5425,9,3453,9,23225,9,19411,4588,2139,2160
NA,NA,"LPI 16:0",16327,2073,4731,1463,12302,8642,21856,10400,6671,12986,5632,2731,7411,2377,8814,1173,1787,1853,5973,2590,3052,3162,7548,3650,1546,5475,39944,2412,8984,5515,1906,6990,210,3495,195,5481,2129,4138,890
"HMDB0000182","C00047","Lysine",37181,4421,17134,11780,94340,51363,39778,26065,50255,178191,61278,81267,29138,34669,2952,58513,28717,47236,32191,100241,30977,67207,414756,126231,5227,23934,104260,99130,52979,62335,12157,10149,102963,198764,1701,68558,104049,348005,59160
"HMDB0000176","C01384","Maleic acid",1643,2007,982,982,2373,1599,1734,2947,638,2368,6505,1333,1399,343,1968,692,792,1550,613,426,601,1776,495,6582,1849,1162,785,649,608,1291,842,1168,677,567,1428,2788,645,404,791
"HMDB0000156","C03668","Malic acid",4639,67,895,135,5058,2041,2827,1219,843,4989,6950,354,1587,156,238,9767,160,862,5258,3431,133,560,1296,2450,182,136,672,676,1188,4594,1100,225,5282,1384,2917,6285,5324,8560,506
"HMDB0001262","C01835","Maltotriose",414,162,650,115,785,436,1082,645,521,1282,614,615,1219,563,548,8,251,1026,258,10409,1939,386,1528,477,498,617,1504,612,569,1307,36,682,28,4844,30,401,1015,811,203
"HMDB0000765","C00392","Mannitol",6400,3773,4781,1768,9524,9100,3815,5683,3814,11814,16620,5307,3824,5359,2294,8966,5498,3744,6620,60036,3266,9820,12457,4533,2030,3558,6581,7640,2853,8017,29223,2319,11242,5115,11722,6405,6786,10557,7026
NA,NA,"Methioninesulfoxide",52748,11612,45170,16209,73276,56415,35133,55508,44254,73408,137186,60817,29791,34844,23140,122586,59645,35779,65820,93520,15269,61077,104981,69464,20014,46969,58187,60565,36367,58309,42886,22972,91403,62219,50431,54290,108718,138310,45798
"HMDB0002923","C00252","Methyl-4-hydroxy-3-methoxybenzoate",662,634,569,404,2414,1099,1019,1173,730,1417,937,1260,521,593,437,3698,808,1608,723,737,580,643,3466,639,511,1126,938,747,502,2864,822,1015,546,634,819,1547,659,11279,512
"HMDB0000202","C02170","Methylmalonic acid",975,987,731,645,1212,1066,1041,787,736,940,1060,1026,845,707,1246,10655,904,998,1023,7735,958,960,637,962,943,838,923,817,781,990,815,864,1047,917,851,3420,1033,1035,701
"HMDB0003254","C06470","Muramic acid",1116,1701,503,871,5197,1893,1614,2164,1370,2679,568,1729,767,1624,429,4138,1434,1043,1882,5227,785,2808,262,2579,392,4717,1325,6395,922,693,780,586,349,1592,737,1292,3716,25265,1672
"HMDB0000019","C00141","N-2-Fluorenylacetamide",2065,318,1023,176,1939,1016,454,299,207,1782,1605,63500,3435,493,2025,777,1139,7,36756,502,1143,449,1376,877,473,2082,73,500,279,1236,2286,206,646,348,1541,1011,484,7,1265
"HMDB0000812","C01042","N-Acetylaspartic acid",2812,126,3247,82,923,1729,294,392,345,47096,4267,316,671,519,878,2409,378,40,917,1149,232,1251,5394,1507,1412,230,395,2370,1652,2582,2214,134,2579,217,3705,17559,686,1254,626
"HMDB0000215","C00140","N-Acetyl-D-glucosamine",187723,64884,88688,104675,254882,200082,207164,230818,127261,70632,220183,111400,46185,79912,36629,397849,40871,210323,154612,236529,87262,129382,73413,94136,36406,92624,98391,381707,117008,138505,116300,49610,38340,201655,165592,133967,414675,230256,153643
"HMDB0000215","C00140","N-Acetylglucosamine",19573,9759,11541,14429,27154,24578,25933,31552,15200,6564,23706,9030,12037,10426,6232,41197,3717,18764,12239,31467,9483,9961,3503,6829,3916,9836,7980,45916,16702,21860,15494,3813,4185,17063,25233,13017,53790,28967,9207
"HMDB0001138","C00624","N-Acetylglutamic acid",16259,220,4616,230,1321,2295,1062,783,1734,31801,14463,958,2732,1542,3179,9975,9343,670,6890,2289,954,1634,8611,4196,2033,2893,1255,2233,2409,11045,5190,1484,7096,1325,8782,28269,1748,7428,1562
"HMDB0000532",NA,"N-Acetylglycine",2680,803,1157,875,6732,2629,1675,4219,1765,4833,6021,10381,1012,2058,1189,11783,4537,1738,5442,18807,1214,12143,16468,4926,975,1655,2950,9578,1430,3539,1386,3398,15862,4102,1584,5291,7007,13988,8388
"HMDB0032055","C02997","N-Acetylhistidine",11150,9086,11143,9186,9276,18778,19974,7657,44401,12898,19358,14349,10475,6968,2317,14305,24407,11122,28763,34913,14108,13313,7829,19697,4731,9601,26735,19453,16892,12866,36212,12081,7650,26389,24130,10518,13233,23132,5280
"HMDB0011756","C02710","N-Acetylleucine",51330,39559,20149,38820,82230,84312,38129,140324,57031,65017,118290,62930,13879,62288,27006,5960,138583,40962,95281,45596,17498,8523,30703,52849,33809,96230,56486,218750,29391,53940,52451,124806,48899,118430,57784,54154,49661,25534,84436
"HMDB0011745","C02712","N-Acetylmethionine",10642,19033,5272,5333,14466,54048,12862,6877,16117,16921,79924,155122,25781,17360,1407,14357,19493,9217,19452,80331,18335,21505,60414,53931,2413,12869,30562,62002,8246,15566,5823,27086,30314,42749,8805,27863,37528,63913,14191
"HMDB0000230","C19910","N-Acetylneuraminic acid",1897,160,977,320,3196,1972,1240,2372,831,2734,1922,734,1054,210,523,7,797,815,1494,2710,440,699,1612,1635,308,363,841,2401,1655,2769,7,599,86,682,66,2957,4044,19313,915
"HMDB0000512","C03519","N-Acetylphenylalanine",9340,23527,10374,11916,45424,5475,13808,33309,10517,21615,17484,90417,3973,8105,8021,27196,19353,6558,13633,43628,7426,36717,26070,43723,4559,20082,23094,66588,4723,10816,7,31395,43607,42041,21240,17360,22434,30796,21196
"HMDB0002931",NA,"N-Acetylserine",1729,339,902,138,995,1771,446,603,509,3621,2031,1332,613,654,489,2924,954,574,1315,2300,468,1534,3661,1030,261,624,1021,1517,538,2026,705,518,1885,2031,2299,17666,1600,4731,402
"HMDB0001238","C00978","N-Acetylserotonin",154,200,378,166,275,261,373,314,342,193,391,231,169,295,218,86,223,231,270,388,141,421,164,286,271,192,194,348,265,582,2454,451,167,155,157,367,758,287,201
"HMDB0013713",NA,"N-Acetyltryptophan",6633,1288,2668,877,1589,1057,3097,2183,567,1445,2154,5534,1203,1271,3629,2239,1293,1249,1209,3597,1830,1196,1519,2721,986,1108,3243,2030,896,1143,386,2392,2010,3288,1352,2954,477,1108,2316
"HMDB0002927","C09789","Naringin",7,145,210,263,245,135,203,97,99,92,371,119,370,189,209,189,52,214,153,81,361,89,102,90,184,57679,265,195,153,197,109,110,98,6408,66,164,136,71,197
"HMDB0000186","C00243","N-Carbobenzyloxyleucine",170,306,222,109,55,170,345,199,122,221,1143,203,186,260,293,92,446,110,281,2010,197,276,340,55,173,197,177,132,159,181,86,278,144,113,108,551,132,225,181
"HMDB0011621",NA,"N-Cinnamoylglycine",1520,715,462,176,965,213,886,1539,362,335,609,2881,818,245,2313,150,584,661,863,2520,1448,1969,1031,809,486,463,949,1690,483,487,1159,723,2217,788,280,2116,446,508,508
"HMDB0000206","C02727","N-epsilon-Acetyllysine",9402,5316,4220,4571,9641,7454,7348,6323,7087,13780,9194,17596,6447,12182,2182,8249,13657,15226,9081,18049,8138,22300,11088,10702,2678,11224,11160,13454,8706,16444,22863,8632,10060,7256,7373,7489,9182,7549,7239
"HMDB0002368","C08323","Nervonic acid",6716,8228,1548,128,6205,320,10539,19773,6416,1183,11646,8402,2328,4065,2212,423,1478,2856,3296,2931,290,3633,4685,13443,1154,221,5636,5251,695,10511,9,7913,62,8012,9,9843,2942,14653,902
"HMDB0240226","D07402","N-Formylmethionine",1522,1949,625,827,1218,586,1256,688,883,1153,4253,6181,509,2025,448,3791,375,1820,1291,7010,756,2260,1466,4398,596,980,1337,2541,544,1036,1267,1255,1806,8188,1245,743,904,3158,838
"HMDB0001488","C00253","Nicotinic acid",86038,241880,123956,134625,139070,46427,257605,41492,86538,277204,40410,268366,62454,195569,28579,18685,175282,139205,124792,132444,241117,97225,92767,296015,16051,182894,122595,303098,87347,251851,37375,382285,75,177923,63314,179296,127453,128,15374
"HMDB0000730",NA,"N-Isobutyrylglycine",2435,1065,539,638,2700,2177,2387,5683,708,896,1781,7213,664,1422,1116,6796,2011,1968,1435,9736,4302,8227,9698,1866,568,1348,1774,10203,1073,1057,1240,1643,12027,1138,1082,1850,15156,7067,3683
"HMDB0000678",NA,"N-Isovalerylglycine",1479,3539,599,2051,4743,1522,1537,3932,1138,1191,4860,10589,261,1916,421,10554,9550,9259,3839,40493,1812,7738,8973,5197,412,1758,6314,7461,706,2166,523,2974,8085,1520,859,2238,4402,5531,3571
"HMDB0014649","D02486","Nitazoxanide",85,131,109,58,52,86,68,90,71,78,68,82,100,59,70,43,60,46,63,39,73,123,55,99,49,72,41,64,53,37,58,8,97,61,251851,44,59,37,133
"HMDB0014723","C07270","Nizatidine",743,277,1172,152,936,288,1338,398,163,1885,879,496,1313,237,967,484,318,330,813,354,974,830,114,1383,271,340,617,513,263,349,428,277,237,416,889,1406,596,141,567
"HMDB0094692","C02721","N-Methylalanine",38220,1106,36292,4758,27519,10339,15962,20481,16500,104113,56049,21742,22161,5348,10290,95636,30076,13041,44578,59569,9330,31210,89362,40612,8595,11213,17241,24913,20616,73458,22636,13568,53036,11028,55075,79201,47558,92205,28850
"HMDB0029519","C09762","N-Methylanthranilic acid",95,85,127,96,208,92,205,203,182,170,175,243,190,207,95,129,58,82,124,66,1174,101,120,85,100,139,94,115,229,146,108,344,130,140,111,367,63,333,164
"HMDB0062660","C01046","N-Methylglutamic acid",4793,339,2820,781,13824,1257,1111,4834,1293,10973,5876,5563,1893,1434,19326,2661,3184,2261,5294,5765,693,4293,3937,4882,864,2276,1158,11032,3529,8257,1691,3245,2437,487,15112,10540,6774,13992,2823
NA,NA,"N-Methylisoleucine",300,51,318,21,199,287,346,135,404,310,285,148,248,319,170,139,169,63,457,209,127,213,106,73,210,148,175,326,323,297,157,73,144,44,312,1502,294,53,59
"HMDB0029224",NA,"N-Methylphenylalanine",2749,1224,236,1395,1698,3315,304,171,3123,1526,372,1545,686,4331,407,3915,166,537,1296,3387,2253,10780,460,244,1559,187,874,634,3104,215,538,814,113,855,3380,1157,1410,162,230
NA,NA,"N-Methylserine",372,509,277,816,773,729,515,403,476,719,260,1162,222,345,235,1616,473,979,378,1752,417,813,983,1132,509,441,498,771,451,282,268,3211,460,495,446,389,952,3118,942
NA,NA,"N-Methyltyrosine",243,170,416,209,285,298,225,187,173,219,303,233,548,288,404,307,164,309,225,182,244,321,244,231,2252,244,296,381,388,250,431,212,197,201,855,576,317,112,197
"HMDB0002005","C02989","N-Methylvaline",73170,34310,81757,50356,126059,54489,43182,64210,73101,68081,65327,129899,76387,91991,61157,246241,40091,144910,88454,140415,49065,108360,170390,63248,40821,108429,64475,114012,80602,47169,62062,36433,109349,179634,54291,41500,195117,123718,151459
"HMDB0000216","C00547","Norepinephrine",122,257,272,144,169,447,148,111,162,252,182,145,208,347,115,371,242,266,225,422,218,287,187,222,163,2086,229,80,285,228,228,66,158,159,229,339,538,133,193
"HMDB0001879","C01405","O-Acetylsalicylic acid",849,934,714,1425,1878,5172,10554,4202,772,10396,1859,1059,2231,534,5292,641,752,1021,2321,2364,4540,1480,3344,754,8350,2361,6601,812,886,2357,966,1317,8197,2617,2943,5661,879,85080,2857
"HMDB0000782",NA,"Octadecanedioic acid",2382,41165,705,1913,2089,10021,975,1279,544,2283,2347,2465,1047,2206,1418,785,6447,4070,1869,29476,1331,1321,1249,10133,5984,872,267,1798,112,5088,7,4148,2127,419,2381,454,2544,1226,1226
"HMDB0000207","C00712","Oleic acid",248784,111436,231727,719176,238093,151134,900468,422224,223010,515856,35096,216623,83254,73041,114477,313,97532,631956,96868,1776888,142647,295109,125465,366829,207006,113174,272125,533571,306008,122123,682084,260951,331505,617837,286665,33537,92198,190176,602906
"HMDB0014420","D01204","Olmesartan",480,14782,684,3842,4763,972,6070,3527,10967,393,564,8375,9049,538,879,12293,732,7253,133,5187,11777,1888,2737,8179,604,1108,6817,5631,3071,506,717,630,309,3955,672,7,928,7098,679
"HMDB0001913","C07324","Omeprazole",196,160,150,66,188,2,471,165,151,9,663,167,131,67,187,67,112,161,120,66,444,1887,137,74,30,216,449,772,134,196,2033,210,285,567,70,157,239,112,172
"HMDB0015215","D04028","Orlistat",593,1824,725,1346,1295,3558,354,1444,631,1969,418,1676,2444,1249,529,2079,646,1933,370,1063,1469,785,804,353,2943,2300,230,1942,1598,1139,5720,1343,938,517,2812,782,1502,774,3037
"HMDB0000214","C00077","Ornithine",727,433,1248,1144,10125,1306,3672,6268,4084,3376,2016,7789,1191,185,258,9418,732,6872,1283,36526,2068,6115,66677,2317,214,326,5119,5984,3550,7826,1767,928,10726,6425,2638,4851,4214,11743,3025
"HMDB0000226","C00295","Orotic acid",12087,2552,31706,4623,134067,41331,23329,30302,32799,31592,36584,20466,33892,481,11710,538569,16403,15600,67812,304077,3341,46295,162032,9850,7264,2568,6075,247602,34732,115393,14937,4102,83040,18259,121843,161934,160599,246645,30978
"HMDB0255868","C01118","O-Succinylhomoserine",1474,208,1023,267,1769,1050,594,1119,468,1264,2613,748,1466,744,1673,3113,972,602,2464,1354,516,1488,1799,1033,797,738,519,1856,839,1444,783,536,1146,334,1736,2635,2168,5364,1562
"HMDB0244967","C02778","Otenzepad",8,233,136,121,7,73,220,146,170,95,87,134,132,122,183,499,6,245,6,47,159,6,138,62,83,72,141,369,100,371,1028,125,187,200,514,195,128,41,37
"HMDB0015126","C07356","Oxaprozin",305,231,1144,67,754,347,636,1100,104,50,970,870,1484,163,2282,181,90,229,102,82,2800,645,275,1150,130,524,696,1573,115,129,108,1428,83,359,104,1601,72,302,1013
"HMDB0014980","C07359","Oxazepam",341,961,231,865,331,1114,975,1184,1008,287,204,720,256,133,209,124,154,138,206,5909,233,181,187,221,351,742,2178,1773,540,200,42,151,485,813,82,394,205,145,239
"HMDB0000220","C00249","Palmitic acid",17545,3753,3581,7776,7493,20473,17130,8429,7976,21801,2546,6635,11703,2546,38706,377,15946,31658,25552,31369,2707,7831,29502,13869,17081,12536,6634,9895,11278,15393,27148,13647,23756,6996,13072,19496,10410,26919,21423
"HMDB0005017","C11806","Pantoprazole",43,57,97,52,141,263,826,56,56,119,94,92,88,71,88,44,95,44,53,7,92,105,118,240,50,69,960,121,67,82,64,67,45,673,2232,141,94,63,45
NA,NA,"PE-Cer 23:3;2O/18:2;O",51294,98682,377285,37463,69904,206862,41592,42257,41378,38337,51269,325201,124046,110018,16675,1336,216066,25500,67806,325534,151977,51062,2944,22577,12678,83960,236829,80117,70615,45790,11,404538,1999,175892,12,44402,106609,45304,190992
"HMDB0014444","C07417","Penciclovir",107,123,99,47,116,109,101,94,23,59,173,55,116,61,72,321,122,199,99,49,134,90,43,60,101,164,100,64,209,76,239,54,3304,57,247,163,115,37,268
NA,"C04335","PG O-18:2_11:0",267127,109876,24652,39266,331766,69639,2276,49048,106471,6017,19108,5515,63860,10829,176354,231,102146,127642,1374,41162,455612,464604,1365640,5677,196000,85115,115794,30209,343837,17836,10,112331,431,583670,309,36795,123613,14285,13833
"HMDB0006344","C04148","Phenylacetylglutamine",619,281,294,954,394,5118,447,18214,274,546,610,15707,458,452,373,1161,399,263,448,1714,319,652,38526,59303,283,374,418,666,12246,342,206,375,229,417,254,556,625,2333,561
"HMDB0000159","C00079","Phenylalanine",368713,223688,170756,156953,462347,288165,303253,204057,220766,308520,264583,645450,98059,274358,75586,631859,215239,252658,389073,608517,127100,570893,575971,501189,94039,290879,431787,492024,120672,72599,160233,210774,181297,510521,191358,197743,545500,568502,588822
"HMDB0001015","C03145","Phenyl-beta-glucopyranoside",5880,3357,4001,666,4466,1150,4644,6327,2405,2859,4438,2771,4938,2757,9784,277,3341,2199,10799,2595,7477,6558,2816,5329,5718,2917,2359,11293,2835,6353,9,3507,357,1540,974,7839,2940,624,2769
"HMDB0003306","C00774","Phloretin",690,636,1497,861,439,778,2584,986,2718,404,1066,660,1016,627,1686,89,379,306,336,520,1947,797,1983,741,366,527,1275,831,995,1129,841,970,365,1774,263,2524,404,275,932
NA,NA,"Phlorobenzophenone",1734,8329,663,135,332,524,373,1556,275,179,1112,864,1345,139,1448,54,237,217,252,363,287,413,328,14226,267,340,367,901,129,325,40850,174,1946,327,129,1028,145,305,794
"HMDB0002107","C01606","Phthalic acid",19659,3338,25707,2253,123205,58009,53794,23900,9328,21521,70752,5345,14089,6117,39489,32,3232,4714,7899,45127,8868,201097,742,10708,16245,6481,13090,10205,12723,42042,16706,8461,2374,7901,76098,25658,11567,163,15662
"HMDB0030564","C10275","Piceid",1266,769,966,223,1285,529,1124,728,278,955,1083,759,1054,824,1289,380,382,389,498,260,1132,801,542,1245,511,622,781,1074,332,368,291,918,207,803,471,2564,802,677,661
"HMDB0002039","C11118","Pizotifen",390,297,371,179,414,293,530,349,133,289,388,283,236,246,406,251,213,436,300,177,227,417,5506,341,190,475,419,233,250,175,311,241,199,265,862,662,451,212,556
"HMDB0000162","C00148","Proline",5080,1627,4085,1170,8631,4515,2507,3511,2264,6407,4779,6861,2687,3385,1654,13564,5219,2590,5861,16486,1427,7249,9377,3969,1700,3080,3255,7292,2021,4259,2558,2353,12471,2696,3091,2775,13744,10416,7301
"HMDB0006695",NA,"Proline-hydroxyproline",307,27,142,56,127,116,113,102,121,269,145,205,131,112,147,131,70,60,38,205,123,134,1097,106,122,103,140,140,93,217,340,58,333,71,293,389,163,2092,120
"HMDB0000237","C00163","Propionic acid",519,201,249,125,493,581,417,269,544,754,1447,256,160,2590,248,424,102,260,356,384,26654,544,6338,546,313,14528,184,915,1647,577,525,431,468,145,557,626,386,4198,297
"HMDB0000767","C02067","Pseudouridine",1832,1780,10430,3085,12339,1123,1634,5548,1356,2142,3947,4171,3057,2160,1465,44647,2358,10993,3837,9931,2579,3857,8014,1022,327,5930,434,7627,3544,10084,2559,1581,6207,3341,2908,4967,21110,4139,5896
"HMDB0001366","C15587","Purine",1102,1109,900,976,1417,1176,1006,3658,882,820,1873,1998,1489,1455,1429,2557,871,1344,1002,9505,1234,1666,1077,8144,1075,1070,1711,1694,939,1182,412,764,575,1280,852,837,1086,622,835
"HMDB0001431","C00534","Pyridoxamine",976,889,515,808,538,1336,627,464,1765,654,779,617,377,1243,204,626,707,1810,1114,664,696,1623,842,654,221,803,1417,1780,1624,615,1665,511,1285,630,907,830,885,227,780
"HMDB0000239","C00314","Pyridoxine",853,812,989,440,968,748,1100,616,526,807,1111,1158,452,927,1330,774,1082,485,1056,838,1041,1466,1453,1457,564,1042,1609,924,990,1095,415,1062,626,974,856,1532,1588,566,936
"HMDB0000267","C01879","Pyroglutamic acid",21113,905,20002,2631,15188,5619,10099,11404,9502,61267,32464,10454,14826,2819,5467,55712,16433,6287,25327,30790,5137,17135,47033,22903,4792,6234,9557,12979,12540,40819,14525,7829,28339,6027,34031,54207,25181,51751,15193
"HMDB0004230","C05942","Pyrrole-2-carboxylic acid",480,395,293,212,581,255,772,637,260,435,369,1224,166,1258,309,681,349,172,398,496,405,661,684,816,151,316,626,536,253,918,771,647,527,695,340,1002,496,423,199
"HMDB0000243","C00022","Pyruvic acid",469,296,311,237,770,541,1077,527,328,578,310,971,323,363,393,13620,227,538,437,947,463,781,320,579,415,212,236,962,279,571,470,281,768,518,417,584,1001,8148,427
"HMDB0003072","C00296","Quinic acid",2169,175,1879,283,2254,4380,3833,1383,1611,1104,3717,7182,2439,752,1653,1178,681,996,801,827,1471,1853,6427,6733,1399,853,5845,2613,1319,2027,429,7838,772,3962,1771,6633,667,6698,2102
"HMDB0032609","C03005","Ribose A",35267,26848,17698,17635,12518,16484,19929,3835,6409,45318,19260,19613,9341,9931,5129,23302,10289,24961,17036,3826,20362,19833,1368,33075,1757,24033,16193,46570,3885,25066,28663,23056,3308,34854,19879,24435,49295,137,4171
"HMDB0014878","C07937","Riluzole",367,1427,46,75,45,42,544,53,47,71,49,113,89,42,79,183,43,51,45,9082,121,174,44,86,101,63,92,711,83,93,66,64,57,340,111,49,35,58,41
"HMDB0000939","C00021","S-Adenosyl-homocysteine",404,43,458,106,344,1297,1125,336,225,261,560,2814,584,64,575,279,149,117,204,192,181,343,449,2400,585,288,1601,278,526,569,170,8588,965,458,200,945,527,1167,330
"HMDB0001895","C00805","Salicylic acid",17982,6972,4794,3308,7074,19917,9436,16466,3847,11841,14259,8560,5397,6307,8132,7610,6154,2345,5822,4974,4192,4960,6903,6017,14477,6555,12633,5157,7362,3367,5238,5329,15718,12407,9540,9201,7643,12222,3362
"HMDB0000187","C00716","Serine",43960,12670,24417,21045,45358,42335,32683,37009,27409,95216,44635,48516,13128,29790,12910,105657,25988,52203,40005,94922,13442,37457,26273,108439,13307,30637,63654,41438,20377,49746,25307,26453,50036,77629,34593,41972,65265,158047,18086
"HMDB0029052",NA,"Ser-Val",155586,19656,54226,17206,43524,61491,89906,26283,91415,165890,67375,57572,21175,170799,30441,102382,49693,141612,129609,160186,28043,58978,52669,199946,15354,115820,180942,88532,37413,37481,46261,36589,92180,233848,100123,25853,103385,44712,65589
NA,"C11166","Sodium lauryl sulfate",598604,828430,104142,171928,283145,187474,420956,122235,149183,175798,483560,88084,94037,389478,96052,35773,108867,1664516,224184,298686,100330,207359,103905,286290,150874,170797,661808,246059,218803,321912,1979484,43851,154534,207292,153308,77252,33821,19652,329008
"HMDB0001266","C08356","Sorbose",27403,56988,30886,40782,46763,28485,57196,69974,29889,48295,32521,52627,30139,35499,22144,52314,48287,108522,44515,13047,90853,63080,25997,125318,13850,27631,128683,83240,42399,54932,43988,86402,7761,46086,38838,27700,84933,80396,17775
"HMDB0014787","C07312","Stavudine",637,3336,1803,914,1404,548,1816,3821,800,621,782,1419,1100,751,2511,942,297,1413,470,417,2410,1682,718,1016,1191,1155,513,3599,1652,6272,2250,1536,5760,561,2476,3305,1454,1046,2089
"HMDB0000258","C00089","Sucrose",657,1764,3827,1803,3004,10011,6602,894,3563,3273,14514,12012,3378,2665,7917,368,2620,6223,988,6344,2794,2687,1564,2438,2636,2019,4533,1705,1773,6433,3976,1793,54,1435,344,1353,1514,1979,2137
"HMDB0002085","C10833","Syringic acid",994,592,676,215,465,789,333,540,437,704,1313,966,464,2420,1674,100,558,260,509,493,1135,971,1299,903,2440,820,954,1693,153,4373,112,538,374,767,1745,2299,247,205,826
"HMDB0000251","C00245","Taurine",670,533,450,261,478,878,4268,303,5219,650,564,260,1615,672,558,446,549,360,950,6940,401,357,339889,472,192,361,4862,1356,1185,1128,463,134,897,1683,1299,585,625,1879,271
"HMDB0000036","C05122","Taurocholic acid",1679,3973,11069,4557,1450,2320,10152,675,1328,2287,4505,2264,1024,2189,1716,620,702,2777,1788,3500,13999,989,11989,2435,4890,6861,7786,3133,5164,1466,680,971,154,6873,7,21237,3690,1039,686
"HMDB0000943","C01620","Threonic acid",402,334,180,220,2489,437,1316,913,383,784,402,1103,224,417,200,567,346,1578,581,920,395,570,817,2114,282,280,814,906,629,266,396,2416,537,626,465,390,980,786,438
"HMDB0000167","C00188","Threonine",3295,17507,18411,14624,35633,9086,38213,18767,10008,5161,70017,36636,10900,34911,14317,62252,22225,58612,11728,100636,19097,14168,9074,141758,10204,23929,96944,17992,12332,31696,31427,11716,22366,156913,37707,9586,36837,2684,9679
"HMDB0000273","C00214","Thymidine",10148,162895,19615,43812,18681,34392,101945,5302,12160,61958,17906,39711,19757,38392,5775,15507,9473,54538,98328,6332,88755,40854,3702,2576,690,6069,44515,14289,13721,115214,58852,17443,25664,78040,4438,14130,20124,5718,5655
"HMDB0001227","C00364","Thymidine-5-monophosphate",66,60,64,47,1447,58,42,94,74,111,1523,219,55,44,35,55,279,103,62,88,45,1972,54,80,67,53,243,532,104,55,29,106,54,40,103,48,77,121,71
NA,"D02851","Tomelukast",266,255,303,300,82,568,164,155,271,194,289,454,240,385,270,383,899,1200,210,622,3207,357,254,137,1011,363,1043,167,155,302,416,209,179,57,696,1082,93,274,1633
"HMDB0014608","C07062","Toradol",208,254,140,46,92,113,689,234,387,112,155,94,167,60,247,57,81,188,98,134,288,143,85,244,156,158,470,122,203,182,204,119,2903,228,230,379,41,120,178
"HMDB0014359","D00382","Torasemide",1873,352,2391,217,811,4130,1158,3358,529,653,1485,1116,1736,1874,4450,171,507,554,615,234,3003,1321,633,1058,6607,789,1025,1449,1582,1967,2970,2066,791,738,1677,2612,636,168,1521
"HMDB0000158","C00082","Tyrosine",31078,15700,17248,5354,34242,24511,13650,14728,15993,36057,19767,28345,9271,20232,8092,47127,17795,17770,34121,9972,11046,45191,97002,32983,7633,17998,32643,37278,9963,15190,11919,11173,71244,34120,25040,15952,38805,35348,41404
"HMDB0029117",NA,"Tyr-Tyr",1259,703,760,252,478,921,580,201,799,1329,714,392,552,1788,636,639,674,336,937,858,407,362,977,940,344,1132,1558,662,543,298,658,568,466,1836,815,918,1080,716,286
"HMDB0000300","C00106","Uracil",231782,535534,166290,250143,501309,268177,369326,156907,39616,304863,171347,586196,77522,182305,47292,358508,169017,281824,349567,378588,202929,483798,333440,214451,29742,282592,159554,546996,101301,264832,65,295521,268959,262084,104,268442,405033,247826,239233
"HMDB0000883","C00183","Valine",24815,8205,15383,4946,38302,28550,10421,19397,15130,21944,21090,42536,9494,19416,6752,60446,22914,11170,29321,47428,5782,50756,39699,25591,6973,19992,16709,45415,11135,12622,15346,8930,34746,20618,13995,12099,48316,39661,43879
"HMDB0029140",NA,"Val-Val",546441,119537,275747,58302,193423,74516,246358,40024,217032,589677,259770,192831,111379,268131,286030,251307,141178,317612,379892,314298,102570,75699,115379,374769,67686,233722,426754,135663,95249,243871,56004,80919,184871,459393,372135,144546,249818,126270,171653
"HMDB0029134",NA,"Valylphenylalanine",50017,55365,16447,15254,18018,10866,88615,8317,34629,36736,14681,21427,11612,67372,19724,32942,23967,23913,22349,30342,17839,15759,22562,42517,18276,38213,68002,55917,15172,12430,25562,19709,17068,70780,47308,13738,48220,26429,18174
"HMDB0000484","C06672","Vanillic acid",1992,1817,666,990,3658,462,3962,2380,277,1085,548,18134,351,1182,503,2789,642,238,380,626,1420,2937,1139,731,934,892,961,2276,3366,1171,495,891,1146,947,608,1302,1716,3606,854
"HMDB0012308","C00755","Vanillin",370,526,3234,180,336,431,454,510,251,332,796,754,498,331,635,49,493,93,389,178,288,126,126,392,630,443,774,378,254,284,221,242,174,216,719,1054,238,3925,714
"HMDB0015000","D08668","Vardenafil",792,4722,353,936,2642,1086,381,596,434,891,1627,822,435,1165,975,8,5092,756,6770,399,388,1466,1032,2069,1322,1992,369,1545,1217,5257,9,734,8,237,631,592,2860,1845,819
"HMDB0014681","C07204","Vincristine",82,7,91,75,62,101,220,76,147,85,353,135,141,129,200,140,82,158,106,85,202,63,155,275,100,7,145,148,137,7,332,115,2319,188,141,99,102,131,91
"HMDB0259858","C01460","Vitexin",182,403,265,312,111,187,1422,106,115,50,91,77,129,60,182,27,39,188,117,1599,121,142,154,152,57,116,112,224,265,120,27,48,42,300,89,140,94,94,111
NA,"C03584","Willardiine",168,51,169,64,110,98,175,89,104,121,266,147,143,65,89,155,91,111,108,66,83,73,338,347,94,34,155,58,174,120,211,107,156,83,1435,135,241,86,112
"HMDB0000292","C00385","Xanthine",420178,598042,310290,427188,753617,536449,773765,356199,164967,650249,290051,734280,201968,204020,109580,1681536,172935,657048,556806,1602695,460037,429728,633542,524990,37203,412926,381584,837512,234270,481889,569918,497055,801468,524315,403698,715977,726762,597207,93586
"HMDB0000299","C01762","Xanthosine",2015,7741,5232,6271,9112,2901,12246,140,448,6300,1761,2798,641,169,359,8866,899,4367,10459,6557,6308,5591,586,3595,133,1612,2407,4141,164,8571,234,2292,673,4050,133,25524,6646,2849,619
"HMDB0000098","C00181","Xylose",4686,1819,4044,8711,4325,1033,14166,13995,5344,8970,4288,14863,5109,2181,3757,10141,3502,3271,3739,3784,5266,10904,998,3296,2239,7021,4057,18995,4716,7647,5511,3768,1914,5124,1273,2158,31739,19397,3589
"HMDB0032702","C14752","Zeranol",185,550,137,130,210,283,223,231,404,198,258,552,211,303,276,247,3224,241,63,237,345,309,195,6535,328,217,332,201,421,691,162,309,159,156,233,445,105,244,132
"HMDB0000244","C00255","Riboflavin",18869,56912,11038,55873,33395,20735,15471,24730,46953,45623,12094,40536,16733,40065,5992,38320,41209,14094,25558,30114,26754,54387,37027,38414,12083,30542,24782,49655,54245,37993,34897,52878,17302,42825,23136,19895,31000,80568,16568
NA,NA,"1-(Benzo[d[1,3dioxol-4-yl)-2-(ethylamino)propan-1-one",22803,10768,93247,637,48691,14796,30360,65711,782,324,48112,15199,84043,4408,163559,8395,1221,8730,371,460,150330,42575,42425,16699,6597,7971,69155,128799,371,17488,210,58035,170,113551,79842,74159,844,109910,86049
"HMDB0002322","C01672","1,5-Pentanediamine",1007,36343,41844,35485,12874,28572,7557,84796,11678,16952,24441,70421,6183,8053,41667,121635,26980,6183,26623,130287,8694,67105,20268,26564,836,359,42803,20630,736,59057,41279,84656,43085,10813,40154,3657,103067,98912,55888
NA,NA,"1-Hexadecylpyridinium cation",1081,143,266,554,106117,70720,244,627,95,108,184,306,127,445,124,909,560279,146,57900,109,595179,213,257,877431,71623,1176,141,142,769,122,6101,5140,58437,197,263,558,3364,251,21888
"HMDB0011503",NA,"1-palmitoyl-2-hydroxy-sn-glycero-3-phosphoethanolamine",98852,64455,234030,212494,54909,86968,22219,88708,71984,472207,185127,269317,82924,147409,43444,293142,145243,138267,126570,53181,272801,238988,173669,182482,35411,218452,198060,34950,20340,154181,48792,369039,26388,29957,541616,99942,53014,15956,82733
"HMDB0010384","C04230","1-Stearoyl-2-hydroxy-sn-glycero-3-phosphocholine",41026,28723,1644,6433,3394,15046,40842,7753,6175,62217,1637,12698,10807,49769,6965,18212,10148,69450,4921,7598,82194,47999,90776,14072,9550,52098,67187,10371,26073,1412,5449,15779,14379,67958,35807,36274,7634,1573,4611
"HMDB0000071","C05512","2-Deoxyinosine",12038,43402,27744,37250,15830,7667,29253,1649,2182,48052,6064,15154,1244,23921,2170,11682,1696,13892,20193,20002,22813,9750,1923,33952,400,27992,10022,9260,130,16953,5287,19424,6418,16272,11596,28078,8212,6162,1795
NA,NA,"3-(Hydroxymethyl)-6,7-dimethylquinolin-2-ol",34278,25140,169365,618,166679,4518,129956,177085,4734,1009,218487,69218,518483,11007,228543,16853,3359,42816,369,686,431162,47726,62502,167460,14349,54286,169180,381725,4703,27753,281,526337,591,138650,120331,354043,7515,287026,131146
NA,NA,"4-Hydroxyquinoline-2-carbaldehyde",7304,49359,13459,20024,16422,846,7019,1402,24389,8743,3931,10310,2502,113,6166,4521,1783,2616,2363,4849,1323,52746,6676,41710,251,341,40265,6878,48845,6987,51122,2479,565,3180,7937,389,905,1959,6591
"HMDB0032985","C04294","4-Methyl-5-thiazoleethanol",90209,113671,7859,164184,178198,175747,66845,17074,71234,108964,89252,16267,44602,43642,8424,181959,64573,59940,96714,18510,283773,87413,2078,29261,21522,313572,51149,97367,166483,58951,174129,90209,78175,11397,12216,76771,56084,40657,89347
"HMDB0039353","C10796","alpha-Chaconine",1016,19154,731,383,258,671038,4564,1911,14659,883,57,26,85,8750,1382,26,536,10098,1034,2585,1453,3857,92,26,619,545,246,3876,595,362,3718,1858,1100,7326,3627,998,60,26,61
"HMDB0028713",NA,"Arg-Leu",65532,60054,16743,44635,13241,40274,35506,6236,49391,60389,16704,14337,13412,75199,7904,6944,21447,34285,53947,13807,31506,25637,7019,85019,11721,51556,45892,20984,5490,17153,17008,31738,18459,92397,28207,4468,27920,39004,21007
NA,NA,"Benzyldimethyltetradecylammonium cation",473958,40616,13905,203543,47102,42155,9075,10041,9464,31951,24922,27417,26105,7044,8467,4165,13261,9927,8770,7624,11688,5604,10013,11222,32526,13582,17468,5945,4828,7484,2883,193675,39128,11725,18129,84773,47458,17922,26661
"HMDB0000619","C00695","Cholic Acid",3010,7602,6270,38508,2444,5795,90820,2461,1991,1516,4296,12772,1280,3877,3158,6347,2697,4443,3550,102621,11266,1691,11909,7854,5538,9190,33841,3920,5995,1464,133,7983,1756,36263,5324,2894,2787,15203,4056
"HMDB0000097","C00114","Choline cation",375076,314251,427254,566256,262217,238192,512761,412907,369320,301141,414449,358463,403742,610415,206900,346336,279083,419054,118622,448484,486022,331713,198518,268721,409612,442005,380986,270071,426516,252168,406444,284082,307693,468037,417276,484834,160290,320827,102169
"HMDB0005038","C07572","Citalopram",750232,40604,316586,19746,2280,383,32560,642747,8974,239645,477341,2838,19609,242834,200868,22220,383605,8602,367390,3806,110884,421416,4250,2774,90105,203352,13375,150186,127192,3366,8389,2705,156292,7794,6648,168729,33521,3514,481662
"HMDB0031404","C00571","Cyclohexylamine",975,1194,1076,1341,1972,1210,326641,1720,2032,5493,616,705,929,325473,5842,526,1061,1132,6575,182,895,412028,13907,1951,2822,1023,1310,3354,38617,637530,1703,727,1041,2057,1567,1261,959,726,43588
NA,NA,"D-erythro-N-stearoylsphingosine",46671,447878,85142,119350,523056,107805,30698,33186,21537,914073,38828,182361,84498,53784,43327,840040,76581,656939,150663,38754,271108,194881,139022,61847,8821,39108,266702,125724,41271,572059,36965,702864,18247,386920,5107,95013,211463,761189,13290
"HMDB0015102","D03693","Desloratadine",390,626,256,169,99,81,175,63,148,113,118,405077,125,79,99,90,80,60,157,215,190,151,531,129,101,76,279,92,123,131,158,173,88,262,245,6961,161,353,125
"HMDB0000579",NA,"Deuteroporphyrin IX",8826,14230,156277,24520,33193,35975,395293,15862,459,7758,10195,12024,11300,4356,19529,27025,30907,204949,21579,3808,3437,9891,2180,5735,17137,27388,22573,3499,33217,256775,3353,2560,35918,10609,34260,53682,18182,26647,19576
NA,NA,"Ethylhexadecyldimethylammonium cation",397,1759885,79,148,75,703307,229,105,5350,82,2333,1626,937,452,293,294,61839,475,1551,14613,75,304,155,1327,232,1421,121,172,47544,2741,553,784,2692,315,2298,143,851,65,77
NA,NA,"Eutylone",364,6066,44541,246,12945,21074,12396,48689,825,677,6249,21362,49690,3291,104043,17165,4177,342,196,206,38368,37726,15651,18302,12869,23132,27195,108047,923,13931,92,31306,232,79355,41466,249867,5879,76647,57982
"HMDB0028800",NA,"Gln-Ile",96040,56559,39628,66784,20799,25489,47815,14747,97717,81781,21990,24453,20640,103506,18796,25380,6126,54754,64276,12396,36411,15673,17827,85146,14980,51150,100427,29600,4273,22635,30718,19270,5380,102844,43974,14093,15523,12659,22744
"HMDB0028844",NA,"Gly-Ile",104582,61910,26080,64241,20606,62326,39780,11362,49995,96470,19654,49438,21981,94869,20756,29072,23882,41937,88212,52564,33084,12650,18944,117772,15564,48907,91083,28351,7820,26731,27749,38934,18531,126182,44499,16040,43368,71904,28045
"HMDB0028854",NA,"Gly-Val",42275,13502,9562,19185,7444,28482,13971,4291,2280,29463,7494,17363,6119,36633,6300,5866,9166,18518,31643,24623,8433,17410,13313,45108,7272,20966,22079,12511,5248,9319,9504,11841,7778,53578,13078,3349,15692,299,13942
"HMDB0001842","C17349","Guanidine",55,65,58,140,60,74,59,74,63,60,71,56,67,59,63,10343,68,68,62,10982,122,63,90,64,61,55,58,57,58,68,66,80,5,109,84,60,66,53,63
"HMDB0000668",NA,"Hematoporphyrin",4594,20102,30,53563,35483,9497,32450,30,6311,30,16840,86171,84,8531,2190,49278,94,164994,11056,5355,5142,13139,30,46969,2658,30,9867,6963,12366,32988,18266,68,30,25558,19857,30,12360,905725,5312
NA,"C03097","Heptadecasphinganine",9169,135955,49399,45382,58993,64292,10053,9119,14964,57136,7443,127703,26624,43241,4734,113965,18831,49478,47693,27284,20169,71234,26883,14003,8810,4849,58371,94155,999,162058,8386,89493,31817,52800,20413,56123,206689,51081,122393
"HMDB0000870","C00388","Histamine",12725,938,3236,1630,24916,1994,3181,3888,12930,7535,2562,4983,12798,315,1897,13143,3730,53385,7109,7127,712,8315,4053,2657,3275,1630,6378,2937,6491,6762,18772,268,11988,6689,3816,88261,4021,3590,1009
NA,"C06356","Indole-6-carboxaldehyde",4614,7592,2434,4381,200,6633,7629,25081,3993,624,4148,30168,3569,39,1761,26927,5974,8578,6887,28403,2268,12808,37931,476,4499,2810,2622,32569,4655,3238,9392,5243,19330,6753,3974,1966,30512,54856,5546
"HMDB0256623","D05523","Lidocaine-N-Oxide",90496,1501,3654,2230,1547,50641,796,15514,1452,27995,13393,4644,3364,23173,7646,1364,36560,729,32500,5794,4658,3652,2050,4132,4957,23750,1239,15994,5578,697,1167,4656,160255,412,3392,10511,5283,16845,8114
"HMDB0000172","C00407","L-Isoleucine",1344210,1153206,1312959,1435629,1396780,1302369,1163950,1493212,936087,1486672,1216702,1637970,946637,1099901,747698,1458087,1534710,1116322,1518103,1119713,769986,1667021,1669298,1404357,963641,1577833,1439561,1426403,855886,1135178,892751,1457511,1205850,1314202,1072186,1314826,818351,1820958,1744228
"HMDB0000761","C03990","Lithocholic acid",76272,38873,288962,159863,53228,16504,13651,12760,23740,17580,77702,30732,63143,42077,315337,372524,342261,450771,121120,283405,390204,68824,137175,18245,23263,79627,167803,186156,107382,180114,19064,14847,65391,154692,130939,1394,262717,40718,43354
"HMDB0000159","C00079","L-Phenylalanine",380879,209651,288006,377310,429354,311234,302683,335981,323207,378445,267716,548131,166877,310802,120049,451593,358809,282761,386742,378141,158494,496485,588219,437565,81114,365223,404257,447037,158305,247810,185441,362697,378749,432314,228748,279708,388758,682239,542400
"HMDB0000158","C00082","L-Tyrosine",79471,55657,71860,72863,24889,60117,71051,76190,6497,79643,62623,109060,42893,55088,32645,81282,75874,70882,79672,8565,38426,87419,180749,105389,7886,78975,103605,18483,44813,57940,36689,80374,103199,116843,51863,58187,78769,9942,163558
"HMDB0000883","C00183","L-Valine",597366,293802,435192,489949,704877,510132,343708,637010,543101,476687,476281,824689,331358,571526,172578,430281,528980,357315,631624,441260,239728,890370,973900,618343,350268,729163,520735,825382,299751,267027,335931,495120,631287,671782,274775,410668,829449,1060787,840271
"HMDB0037138","C00897","Maltose",158,1110,266,123925,2563,15945,19543,627,4656,371,80,60,2565,68,65,512,139,5115,53,784968,2063,570,449,5186,258,61,11056,4829,17614,13545,27536,652,967,7499,50308,88,917,78087,5737
"HMDB0002379",NA,"Mesoporphyrin IX",15723,1891,40832,7472,37531,38643,1713,15789,2682,57832,37910,17081,27864,6377,99769,5295,9839,2453,11662,12672,1112,13903,1323,265713,2440,27017,13243,13159,1237,6346,4128,22395,26184,13222,30228,714890,1058,72612,47029
"HMDB0001921","C07151","Metformin",106,233,1551,851,131,313,149,63,1440,77,70,25,483,1563,18127,640058,7551,25,79,861778,5875,399,618,426,24113,5354,161,150,57,640,1793,380,13169,133,2605,75,124,414,25
"HMDB0000696","C00073","Methionine",213071,86443,90874,90402,112252,100888,119262,65055,133638,173853,58734,258530,65607,120317,29008,178334,22973,109988,162986,191253,47275,215045,284212,234579,7312,140863,215311,183677,5714,74970,40023,111696,142981,403350,60932,90154,196718,33696,244545
"HMDB0001020","C02846","N,N-Dimethylaniline",12082,3048,67502,540,40932,15278,41219,58616,754,905,32933,26612,48324,3610,112993,26494,1039,7539,966,288,55966,29640,26731,27735,3138,6413,38642,63705,932,14062,613,29065,692,45487,87079,185230,892,41727,42958
NA,"C18956","N-Acetyldihydrosphingosine",4747,11927,2620,4530,3825,6364,2144,2944,11309,8991,2619,3275,1521,11300,762,192759,3724,5765,5335,1950,3010,80944,2550,6037,263,8849,11246,10266,635,11164,2360,40102,534,855,4940,8048,24503,13874,1064
"HMDB0001488","C00253","Nicotinate",146711,245957,275566,436476,119780,104669,293354,30847,143226,347779,66900,173381,234760,230546,17868,68569,185027,101081,129879,47827,436972,66897,117086,239346,34237,259787,273892,189818,294328,170279,288184,478890,27094,105472,351102,260741,109249,98573,3485
NA,"C06338","N-Methyl-2-pyrrolidone",36558,283825,73661,621240,52574,66367,877766,70449,158249,123784,62412,95994,64285,3798,79806,166414,541718,478923,166684,228019,95356,436992,395497,65407,106809,63274,645708,320609,266203,55413,2292,137065,334141,28715,268197,37879,45162,778767,115280
"HMDB0003633","C02442","N-Methyltyramine",2186,145201,2697,5139,15143,1406,44424,387,483,357,362,1265,2414,6535,387,2338,1317,1579,171,2267,1184,571,1230,2886,510,11323,666,293,400,673,12368,405646,3856,79867,2362,590,605,537,337
"HMDB0029586",NA,"n-Octadecylamine",134,916465,89,70,62,160493,66,84,379,55,497,437,211,140,168,97,5372,176,224,3806,60,76,110,348,115,800,87,56,13538,1178,176,206,1325,181,851,66,80,68,102
"HMDB0060540",NA,"Norverapamil",173,154,106,166,1080128,176,136,111,187,134,93,81,240,231,193,96,118,146,166,193,156,175,210,60,348,118,75,444,148,370,105,120,120,155,338,179,348,119,206
"HMDB0240311","C06342","O-Benzyl-L-serine",348850,40111,16460,514,5556,24583,2740,218495,76586,360289,260490,2084,65167,26782,137139,455,77388,501,81192,191,22563,59903,622,21879,37876,4791,1341,67501,71382,1002,4379,1346,117786,1356,54646,324471,5534,568,465284
"HMDB0000222","C02990","Palmitoyl-L-carnitine",6003,66017,2793,13691,3821,2637,13074,2270,2007,13006,1928,11365,7653,12735,2225,2174,7272,13290,9571,18005,63528,5468,53993,2909,5360,4450,3909,1402,11815,2065,5101,79877,1894,50305,3906,7170,2314,148961,1392
"HMDB0000210","C00864","Pantothenic acid",96760,263176,99809,385152,126060,47157,177032,45187,115612,209431,68967,282083,90427,118210,14444,92770,137469,131393,109301,22632,203075,134047,179548,232767,15715,106392,235563,173724,157548,134580,214328,240536,36247,110236,163114,268731,73230,382403,23729
"HMDB0256205","C10830","Peimine",10149,10919,112164,15066,123067,11042,15178,292653,16117,3308,244670,82235,114992,118006,17992,34486,61651,23295,16143,309,104941,151042,41644,46722,65700,41674,122326,29464,230819,6826,223,95136,13035,18500,54286,141269,2880,2507,25059
"HMDB0012275","C05332","Phenylethylamine",30702,5594,3066,5789,597568,10643,17652,10238,6013,19632,3326,10774,4233,22433,3960,9580,20961,32323,7113,345326,2332,21568,11815,3180,8464,47397,7254,5763,3228,4605,9912,12724,16236,3562,28265,254444,28886,88774,59979
"HMDB0029377","C03882","Piperine",4486,2064,2138,43271,4180,64063,4821,91,497203,774,78037,145749,44609,34189,1634,16181,1347,179973,19121,157101,63323,299,58240,1847,26897,188012,66,8572,36668,3993,64616,1169,8695,11206,27921,1270,1195585,484,239080
NA,"C18956","Promecarb",842,3843,121,97,3236,730,6054,56,110,138,2397,50352,69,6121,130,9441,169,1427,66,48203,186,10022,66,23302,742,801,4459,4977,157,402,73,3394,93,118,2237,70,2672,112948,10879
NA,"C11166","Quinolin-2-ol",4753,2109,22508,19111,312,15865,210,48928,280,370,121404,218,65348,3203,220,191,60354,204,15977,455,2586,277,3695,690933,302,9288,252,371,297,1021,258,2921,22918,271,11350,19300,119010,301,249
NA,NA,"Quinoline-2,6-diol",262,9460,277,2227,285,4885,2456,7124,89,223,22615,109,647,815,126,110,312241,146,246,2686,7990,124,942,3753,208,436,6481,1576,3721,254,939,174,1981,6351,241,899,47501,11739,160
NA,"D02851","Quinoline-2,8-diol",39013,9173,28885,46722,3946,63779,13524,8256,4763,5446,64420,1359,44770,5780,3925,4013,4234,13501,14183,4750,12105,4358,13406,15765,15252,6586,72822,2679,71986,8662,12374,1534,4610,5371,9839,1718,43010,503,6787
NA,NA,"Roquefortine A",5906,1338,437,625,786,2115,672,1155,743,1902,768,23595,689,2299,1187,2989,3900,1702,2628,102235,1059,12621,2504,2285,765,1687,3614,1031,1773,366,1592,3221,13527,279,461,856,3506,128653,3351
"HMDB0005010","C07246","Sertraline",26,52,26,116,26,26,26,26,26,26,26,26,26,26,26,26,26,26,26,26,56,26,26,26,54,67,26,26,26,26,56,26,26,60,1035634,328,88,26,26
"HMDB0003236","C06543","Solanidine",137003,112627,10119,75413,1607,142650,172313,284346,1042117,868615,46601,48296,10059,270242,491141,46625,194349,2253022,1804900,1890203,312417,631207,129106,92958,51576,84653,12021,158612,251340,126570,12575,1150803,8369,1571917,33716,19880,100767,5493,51729
"HMDB0013078",NA,"Stearoyl ethanolamide",13687,58752,7788,17112,3376,27088,1399,7832,3579,25070,1161,10752,6692,13812,3374,22506,9031,160823,9093,6202,33023,9506,120283,4671,2057,5969,17496,22902,11980,25928,6154,42538,7506,69894,23518,12759,8243,349961,3388
"HMDB0301980","C01460","TAG 39:3",8603,21297,17688,11503,92791,58931,2515,345,26254,379,6905,20348,842,18033,1732,35977,23717,107612,11741,80626,85998,33342,1831,5565,75098,19520,31909,121919,26068,39989,5463,17207,7389,5738,92023,1136,21399,13602,7542
"HMDB0001889","C07130","Theophylline",19948,7140,2755,12688,2943,4870,30434,6848,6662,2051,33492,8473,5386,460,32990,8976,102,11879,11705,2032,2854,1764,8732,19444,852,1375,23441,3404,7488,6587,501,3496,124,8388,2790,2886,1324,5894,435
"HMDB0029065",NA,"Thr-Leu",168285,109335,38585,86061,35818,36429,62389,15744,81372,178563,27832,43220,32559,157159,13659,8935,17983,52076,77284,7901,16934,29170,15522,183509,7339,104824,151570,24277,14938,16269,29885,38498,4962,134926,110434,27414,14192,10949,37899
"HMDB0034731","C10826","Tomatidine",1201,3165,1951,149033,810,8473,203,1105,904,921475,8390,652,2036,3077,66471,294,2735,364,7132,530,615,1274,217,4622,93876,6473,7746,3016,1519,14499,617,983,3508,111,190152,11835,1212111,102,1580
"HMDB0030388","C16431","trans-Zeatin",16855,9939,362814,2618,70427,100063,154877,18521,4327,614,69123,9146,177750,5316,64592,35015,2198,410893,1779,182,67144,3372,21043,125666,132931,30934,113844,39633,5212,71316,1217,118834,159490,42755,34587,132847,1244,48926,22324
"HMDB0259220","C03584","Trihydroxycholestanoic acid",17853,12283,19708,37289,20515,19340,77418,7067,24551,24609,5035,31805,8355,5492,70357,7507,13281,180510,100113,115402,185223,31134,140623,13487,10775,4127,75345,50611,40870,69418,21360,63091,17955,89156,124338,2387,97430,31178,472
"HMDB0000303","C00398","Tryptamine",14911,776953,4828,32348,1231523,49285,237319,10667,5105,12459,15435,6862,30533,165725,3195,12926,11904,163647,2805,44138,3724,362958,54920,4700,14505,232069,22779,9507,69967,5653,16142,91178,12194,7250,15193,92499,204531,214133,784914
"HMDB0000929","C00078","Tryptophan",114947,126532,44872,261679,4442,103602,150420,150164,156943,194942,85433,360389,12108,115208,36789,238532,125116,165051,183308,112740,46561,138295,436487,372947,33089,69946,259444,81825,118935,78149,75830,201835,160527,374795,67343,105913,64937,527702,88709
"HMDB0000306","C00483","Tyramine",9009,20098,8082,16683,5771,17358,18819,7083,6311,14570,3193,23834,8517,5689,11532,2189,16251,26643,2503,569842,16065,9745,7660,14812,8658,5673,16495,6548,23421,12917,213048,12388,105513,4467,18758,8753,7078,1843,8940
