"","Actinobacteria","Bacteroidetes","Euryarchaeota","Firmicutes","Proteobacteria","Synergistetes","Verrucomicrobia"
"(15:3)-Anacardic acid",-0.250404858299595,0.131578947368421,-0.0804432985509615,-0.0983805668016194,-0.0165991902834008,-0.0604359441528035,0.0158797833971861
"(2-oxo-2,3-dihydro-1H-indol-3-yl)acetic acid",0.0859355231628419,-0.178855205451992,-0.0166169977123305,0.316918872818443,-0.186750341855646,-0.172327663286897,-0.176551627625324
"[(1-Benzyl-1H-indazol-3-yl)oxyacetic acid",-0.132793522267206,0.0789473684210526,-0.219702517026068,-0.0524291497975709,-0.0949392712550607,0.00879763743996507,-0.131834174914894
"1,3,7-Trimethyluric acid",0.0431433548105404,0.000833688015662616,-0.175697194909935,-0.0198000903719871,-0.037932804712649,-0.157531980022728,-0.0974410124425757
"1,4-Butynediol",-0.10030872020539,0.166202743266651,0.0445757557679976,-0.272584645321005,0.0093122121684116,-0.0643280104537472,0.155288693902866
"1,5-Anhydrosorbitol",-0.00202449641689084,0.130782468531148,-0.0379836315485469,-0.158315619800864,-0.0733879951122931,0.0578917641019891,0.180930611169426
"1,7-Dimethyluric acid",-0.0522267206477733,-0.167813765182186,0.0195173904681021,0.090080971659919,0.0615384615384615,-0.076501195130131,-0.0740701306110359
"10-Hydroxydecanoic acid",-0.0230769230769231,0.12165991902834,-0.143479194792535,-0.254251012145749,-0.0807692307692308,-0.15937748985444,0.0478525016465542
"12-Ketodeoxycholic acid",0.0898785425101215,-0.0945344129554656,0.25979229204163,0.147975708502024,0.0295546558704453,0.201835653151662,0.207609517165896
"13-Hydroxy-9Z,11E-octadecadienoic acid",0.366801619433198,-0.0779352226720648,0.116049348729256,0.253643724696356,-0.171255060728745,-0.0304729760601689,-0.129702660364936
"1-Methylpseudouridine",-0.0649896246799877,0.0978893567999191,-0.33870452612964,-0.105886522453687,-0.163992510874735,-0.0675863175579298,-0.183764455786475
"1-Methylxanthine",0.00748987854251012,0.279757085020243,-0.142424200713178,-0.392307692307692,0.133198380566802,-0.201708151159779,0.0781200082559559
"1-Palmitoyl-2-hydroxy-sn-glycero-3-phospho-(1-rac-glycerol)",-0.304165190935618,0.0194341819166851,0.0213647113444249,0.0692342730781906,-0.141201477988415,-0.0448829726059842,-0.0248866918505965
"2,3-Dihydroxybenzoic acid A",0.196761133603239,-0.111943319838057,0.106554402015044,0.0360323886639676,0.268016194331984,0.151599868349543,0.0512629249264867
"2,6-Diaminopimelic acid",0.0626613359453464,0.199827911399214,-0.0121342743005946,-0.395910314834006,0.0510198922721398,-0.0316890564398973,0.124552648832074
"2,8-Quinolinediol",0.23663967611336,-0.194736842105263,0.346301806548893,0.18663967611336,0.0714574898785425,0.195205549573718,0.0193967824046166
"2-[4-(Acetylamino)phenyl-4-quinolinecarboxylic acid",0.115182186234818,-0.0202429149797571,-0.164051579339994,-0.00263157894736842,0.0779352226720648,-0.160652509773275,0.101353516850497
"2-{[2-Hydroxy-1,1-bis(hydroxymethyl)ethylammonio}ethanesulfonate",-0.0776590946348388,0.0885941431622998,-0.0130601791334942,-0.266997434878839,0.147623155120723,0.0320781166775294,0.209282304683091
"2-Amino-3-methoxybenzoic acid",0.293334683304965,-0.264891948312317,0.0931079395627405,0.181284478191578,0.193532061586989,0.151097507210487,-0.0254728880183836
"2-Aminonicotinic acid",-0.258097165991903,-0.0489878542510121,0.070157106277232,-0.00789473684210526,0.0178137651821862,0.0294529601251004,0.0764147966159896
"2-Aminophenol",-0.0419028340080972,0.219433198380567,-0.281683419188285,-0.179352226720648,0.0133603238866397,-0.217645900145223,-0.0647980423187192
"2-Deoxycytidine",0.0196356275303644,0.267004048582996,-0.161414094141601,-0.255465587044534,-0.000202429149797571,-0.315822433895558,-0.0082063310173378
"2-Deoxyribose",-0.376315789473684,0.261740890688259,-0.181458981649382,-0.444534412955466,-0.0145748987854251,-0.0646435098849607,0.133645962282358
"2-Deoxyuridine",0.0137651821862348,0.288056680161943,-0.131874259919609,-0.22914979757085,-0.0382591093117409,-0.232053625228064,-0.054033893841432
"2-Dodecoxyethyl hydrogen sulfate",0.17834008097166,-0.198987854251012,0.175129017173241,0.247570850202429,-0.0785425101214575,0.319902497635831,0.114036028422746
"2-Hydroxybenzaldehyde",-0.0861379625578073,0.0721696443051899,-0.213910875312698,-0.126322182458453,0.0542537578507459,0.0160023098353722,0.159498648198791
"2-Hydroxycinnamic acid",-0.0552631578947368,0.243117408906883,-0.235791176736261,-0.33582995951417,0.0949392712550607,-0.142037218958277,0.150165200044532
"2-Hydroxyisobutyric acid",-0.0190283400809717,0.115789473684211,0.132929253998966,-0.177935222672065,0.145951417004049,0.133367083510195,0.110625605142813
"2-Hydroxynicotinic acid",-0.5417004048583,0.233400809716599,-0.218120025907033,-0.233805668016194,-0.301012145748988,-0.108249191109135,-0.150165200044532
"2-Hydroxypalmitic acid",-0.135229515836934,0.11437825815549,-0.123968078171354,-0.26276633466518,-0.179664963031854,-0.166844800156052,-0.0350118983851004
"2-Hydroxyphenylacetic acid",-0.00637684094141229,-0.216812592008018,-0.00553899923744348,0.192013766124748,0.103750189919803,-0.179149365089227,-0.11606684122184
"2-Hydroxyquinoline",0.138461538461538,0.0034412955465587,0.00158249111903531,-0.095748987854251,0.131983805668016,0.166262597416151,0.182670796931389
"2-Ketogluconic acid",0.0342105263157895,0.234615384615385,0.0482659791305769,-0.192914979757085,0.0629554655870445,0.0921839401318079,0.0717254646060823
"2-Methylglutaric acid",-0.110121457489879,0.055668016194332,0.0250561093847257,-0.181174089068826,-0.114777327935223,0.125716963997182,0.118192481795164
"2-Propanamidoacetic acid",0.0139683182526174,-0.0389695835308529,-0.20797623327258,-0.103446530827355,0.222480895067051,0.00688545602478167,0.147881305964465
"3-(1-Pyrazolyl)-alanine",-0.0433264164533251,0.328389941529408,-0.128728823015003,-0.376879085176938,-0.165106040269564,-0.389769018143042,0.013856948522182
"3-(3-Hydroxyphenyl)propionic acid",-0.225101214574899,0.114574898785425,0.0126599289522825,-0.0340080971659919,-0.0925101214574899,0.103786621393211,-0.283278283689401
"3-(Hydroxymethyl)phenol",0.112258326316597,-0.0346188887288334,-0.122127926437342,0.111144853287307,-0.0335054156995435,-0.100736770133417,-0.245095693893428
"3,4-Dihydroxybenzoic acid",-0.310526315789474,0.196153846153846,0.149809159268676,-0.153036437246964,-0.305668016194332,0.0694885855765357,-0.0513695006539846
"3,4-Dihydroxyphenylacetic acid",0.0774330685742921,-0.115289235432835,-0.0940311061023144,0.0704489094479834,-0.115289235432835,-0.0103281840371725,0.00596854279928653
"3-[3-Tert-butylsulfanyl-1-[(4-chlorophenyl)methyl-5-propan-2-ylindol-2-yl-2,2-dimethylpropanoic acid",0.0619527263304555,0.0966745974601062,-0.129124505872632,-0.101938554599295,0.0571949189161885,-0.18732886885396,-0.0149761635951275
"3-Carboxy-4-methyl-5-propyl-2-furanpropionic acid",-0.429880055209175,0.499721646472262,-0.308073862349238,-0.426134926402313,-0.15284174319893,-0.0736998811541445,-0.0566478660325141
"3-Deoxyuridine",-0.265587044534413,0.30587044534413,-0.262166028720183,-0.422267206477733,0.0495951417004049,-0.240341254700495,0.0866460664557874
"3-Hydroxyglutaric acid",-0.185222672064777,0.154251012145749,-0.129764271760895,-0.33502024291498,0.142307692307692,0.115134298670847,0.211446243355821
"3-Hydroxyphenylacetic acid",-0.0107287449392713,-0.0910931174089069,-0.0941582215826008,0.0497975708502024,-0.153441295546559,0.294402099259121,0.0844079761783316
"3-Hydroxypropanoic acid",-0.0303643724696356,0.230566801619433,-0.0614534051225378,-0.142105263157895,-0.178137651821862,-0.152237378308961,-0.335180662980875
"3-Indoleacetic acid",0.116801619433198,-0.0253036437246964,0.061717153642377,-0.0240890688259109,0.117813765182186,0.107866685133485,-0.0828093402658632
"3-Indolepropionic acid",-0.11954046272711,0.0563793714978833,-0.300688530032646,-0.0685257351958115,-0.247279720950321,-0.0564862410921903,-0.201011994990257
"3-Isochromanone",-0.0603238866396761,0.236437246963563,0.00843995263485497,-0.121255060728745,-0.0147773279352227,-0.00255003983767103,-0.143131202029671
"3-Methyladipic acid",-0.158502024291498,0.226315789473684,0.208361330672982,-0.138663967611336,-0.275303643724696,0.201580649167895,0.0833422189033527
"3-Methylglutaric acid",0.0222672064777328,-0.0062753036437247,-0.0569696802852711,-0.0578947368421053,-0.087246963562753,0.117556836516635,0.0323990211593596
"3-Methylhistidine",0.113157894736842,-0.0097165991902834,0.208888827712661,-0.140080971659919,0.338259109311741,0.0664285377713304,0.269103711932181
"3-O-Methylguanosine",-0.199706463133436,0.300926160616171,-0.12713322059275,-0.256693152816215,0.0407915380855421,-0.0388900756955261,0.0843589576006301
"3-O-Methyluridine",0.0242964167766045,0.0360396848852966,0.0875822395797324,0.0556792884463852,0.148208142337287,-0.024867922919403,-0.0506337213402946
"4,5,7-Trihydroxyisoflavone",0.273684210526316,-0.333805668016194,0.170909040855813,0.328947368421053,0.0307692307692308,0.166262597416151,0.0719386160610781
"4,6-Dihydroxypyrimidine",0.0947368421052632,0.130364372469636,-0.0110774378332472,-0.27246963562753,0.225910931174089,-0.093841466026294,0.152083563139494
"4-Acetylbutyric acid",0.0512145748987854,-0.138866396761134,0.00527497039678436,0.173481781376518,0.117206477732794,0.187172924085054,0.162101681524296
"4-Hydroxybenzoic acid",0.189676113360324,-0.148380566801619,-0.169590298256617,0.121052631578947,-0.00728744939271255,0.181817840425945,0.120963450710109
"4-Hydroxyhippuric acid",-0.166565424759561,0.0627784579640897,-0.0910301010998783,-0.0990279546594834,-0.144390453317406,-0.00714300403558963,-0.114562009969788
"4-Hydroxymandelonitrile",-0.102146185531641,0.048997773832819,0.0151686107705862,-0.0115407979688871,-0.0324964574387085,0.281453876323704,0.105584633658025
"4-Hydroxyquinoline",0.228542510121457,-0.115789473684211,0.149017913709158,-0.00323886639676113,0.291093117408907,0.142292222942044,0.100820638213007
"4-Isopropylbenzoic acid",0.232310963838224,-0.202955765793307,-0.0551290207892105,0.358841989893902,-0.158214394980019,-0.149574976413289,-0.391971913152025
"4-Pregnen-17.alpha., 20.alpha.-diol-3-one",0.334480670957921,-0.397853824716898,0.11607284763579,0.284268076286272,0.0988054282248581,-0.0541993191833141,0.170022706395305
"4-Pyridoxic acid",0.0159919028340081,0.141497975708502,-0.18198647868906,-0.062753036437247,-0.0696356275303644,-0.0692335815927686,-0.154747956326941
"4-Thiouridine",-0.113574248987576,0.207004758627089,0.163276860614934,-0.138475554915334,-0.0178155684686394,-0.125665932868965,-0.102482935280944
"5-(Acetylamino)-2-hydroxybenzoic acid",-0.332186234817814,0.372672064777328,0.0371885412973297,-0.331983805668016,-0.231578947368421,-0.0703810995197205,-0.0223809027745576
"5-Aminosalicylic acid",0,-0.12004048582996,-0.169854046776456,0.22753036437247,-0.0965587044534413,-0.222745979820565,-0.187360128941297
"5-Hydroxytryptophan",-0.0944475386704493,0.0134635826829258,0.0581653800713284,-0.132003848259663,0.0421116571135123,0.0513273449378617,0.0799972297376737
"5-Methylcytidine",-0.229060175403429,0.250619970967251,-0.126341934987401,-0.294448099977276,0.132395364307417,0.00331521956748747,0.13855545784058
"5-Methyluridine",-0.149096614392068,0.188369857015369,-0.0393005183990038,-0.09808188686077,-0.177235690292269,-0.0270317903195132,-0.216572838716968
"6,6-Dihydroxy-5,5-dimethoxybiphenyl-3,3-dicarboxylic acid",-0.0279352226720648,-0.0890688259109312,0.0305948283013493,0.198987854251012,-0.198178137651822,-0.142037218958277,-0.120856874982611
"6,7-Dihydroxycoumarin",-0.184422288813543,0.137253909786588,-0.188985378744203,-0.0742952579523273,-0.146363682560035,-0.180105678426002,-0.0879827157287684
"6-Methyl-1,2,3-oxathiazin-4(3H)-one 2,2-dioxide",-0.0591212808230708,-0.0732941906094235,0.0490671583187658,-0.0232840660775793,-0.143753799261576,-0.1393878961585,0.135058789343481
"8-(3-Octyl-2-oxiranyl)octanoic acid",0.123285591533971,0.156080773518377,0.0830849885616523,-0.156283212913343,-0.107394099029182,-0.233659225285415,0.0385290753918229
"9,10-Dihydroxy-12Z-octadecenoic acid",0.164886887199375,0.0528366820859876,-0.0345528047669094,0.0611366972795718,-0.370565312484292,-0.0269042818746098,-0.283665654648234
"Abscisic acid",0.0283400809716599,-0.102834008097166,0.183832718327935,0.042914979757085,0.265384615384615,0.146882294649852,0.155387410691929
"Acetylenedicarboxylic acid",0.110323886639676,-0.0340080971659919,0.112093120931668,0.226720647773279,-0.207692307692308,-0.25666150966159,-0.384312073357404
"Aconitic acid",-0.237866289084427,0.417430032418798,-0.198348925074167,-0.460549623546443,0.0578976669601243,-0.0704484158091087,0.184438630610095
"Adenine",-0.0657894736842105,-0.0983805668016194,-0.029012337182314,0.19919028340081,0.0651821862348178,0.045518211102428,0.178620919286469
"Adipic acid",-0.0580971659919028,-0.0251012145748988,0.16537032193919,-0.124696356275304,-0.115384615384615,0.18271035436913,0.167217316444195
"Ala-Ala",0.274696356275304,-0.11417004048583,-0.0548596921265573,0.0323886639676113,0.297570850202429,-0.150707354406358,-0.167856770809182
"Ala-Ile",-0.154858299595142,0.156275303643725,-0.106290653495205,-0.345748987854251,0.152631578947368,-0.00573758963475983,0.274645649762071
"Ala-Leu",-0.132186234817814,-0.00101214574898785,-0.0292760857021532,-0.167813765182186,0.22753036437247,0.0553358644774614,0.268783984749687
"Alanine",0.0336032388663968,0.0862348178137652,-0.0996969404992244,-0.201821862348178,0.213157894736842,0.155679932089817,0.2023873065185
"Ala-Val",-0.238259109311741,0.103643724696356,-0.101543180138099,-0.276113360323887,0.145748987854251,0.0112201752857525,0.251412141167531
"Albendazole",-0.0242951867962571,0.0762261485732565,-0.314040294670823,-0.0814901057124456,-0.030773903275259,-0.026907005669289,0.0714698768009463
"alpha-Hydroxyhippuric acid",-0.249645682379611,0.0384693265629571,0.0848123193520602,-0.119761087694679,-0.0513261804405769,-0.0383221068578492,0.0627858144619654
"Anacardic acid diene",0.0739915988598791,-0.291917607540207,-0.241078347763016,0.326737183474268,0.0322890834969924,-0.134393900928146,0.0408738600629711
"Arabinose",-0.00748987854251012,0.2417004048583,0.114466857610221,-0.0568825910931174,0.0168016194331984,0.000510007967534207,-0.126718539994995
"Arabitol",0.0356275303643725,0.181781376518219,0.270078484315359,-0.215384615384615,0.210931174089069,-0.108121689117252,-0.117446451702679
"Arachidonyl dopamine",0.00192317425217196,0.342325016886609,0.0474771363209441,-0.288881016615725,-0.103345311129872,0.0759950331624051,-0.232666588050759
"Arginine",-0.113562753036437,-0.0809716599190283,-0.170645292335974,-0.0147773279352227,-0.00647773279352227,0.0451357051267773,0.216135575365728
"Asparagine",-0.137557568879037,-0.0609342578846064,-0.0395642802674535,-0.050002530556471,0.175717394830028,-0.0347460512361667,0.268584425967894
"Aspartic acid",-0.310121457489879,0.198785425101215,-0.170909040855813,-0.352429149797571,-0.000404858299595142,-0.0419481553296885,0.120643723527615
"Asp-Phe",-0.172672064777328,0.139068825910931,-0.244494877890955,-0.229554655870445,-0.0275303643724696,-0.0263929123198952,0.102739001307969
"Benzoic acid",0.0882591093117409,-0.0712550607287449,0.0118686833927648,0.0350202429149798,0.0550607287449393,0.209740776648443,0.149099442769553
"Benzylsuccinic acid",-0.288259109311741,0.251417004048583,-0.152710392986907,-0.0795546558704453,-0.301417004048583,0.0156827450016769,-0.168815952356663
"beta-Hydroxyisovaleric acid",-0.175506072874494,0.196761133603239,-0.109983132772954,-0.35080971659919,0.258502024291498,-0.164477569529782,0.33645957171085
"beta-Hydroxymyristic acid",-0.0119433198380567,-0.155668016194332,0.0416722661345964,-0.0101214574898785,-0.137044534412955,-0.00382505975650655,0.117446451702679
"Butyrylglycine",-0.047165991902834,0.0921052631578947,-0.114466857610221,-0.148785425101215,0.0791497975708502,-0.0126226971964716,0.020995418317085
"Carboxyibuprofen",-0.0146768561349965,-0.158105167468032,0.00237385681604721,0.110936788441077,-0.00890733337848066,0.134330146705694,-0.0208366092367949
"Carnosine",-0.0759109311740891,0.146558704453441,-0.0875645085866203,-0.26336032388664,0.0402834008097166,-0.192528007744163,0.0277096891494523
"Cellobiose B",-0.1082995951417,0.0370445344129555,-0.0662008784796437,-0.110323886639676,-0.0829959514170041,-0.176335254774952,0.0017052116399663
"Cerivastatin",0.0394836762836418,-0.100025313251893,-0.197070016525307,-0.000607441173594489,-0.0697544947677672,-0.0642135033257064,-0.10164567948472
"Chenodeoxycholic acid 3-sulfate",0.402130644707566,-0.385700590623675,-0.0379247612295508,0.252130336126862,0.194118046398558,-0.0184614470795537,-0.0660509293972008
"Cholesterol 3-sulfate",0.0977732793522267,-0.0672064777327935,-0.10127943161826,-0.000809716599190283,0.121255060728745,-0.127246987899785,0.0806778257159053
"Cholic acid",0.223999190529292,-0.107090439936733,0.137947457199188,-0.0285439546901312,0.165696644779237,-0.167673605047924,0.177724019960898
"Citraconic acid",-0.0255060728744939,0.189068825910931,0.00685746151581966,-0.157287449392713,-0.145344129554656,-0.0972840198071499,0.00618139219487782
"Citrulline",-0.38663967611336,0.113765182186235,-0.106290653495205,-0.19412955465587,0.00728744939271255,-0.00510007967534207,0.148033685494574
"Coniferylaldehyde",-0.116206094329534,-0.0358335865789679,-0.287514988804973,0.0828019034508355,-0.105577488140857,-0.103414583010381,-0.0161478571971534
"Cordycepin",-0.366875893326727,0.283458195727052,-0.237949337653369,-0.35331039395979,-0.00627657433395615,-0.230825335815997,-0.172367847173171
"Cortodoxone",-0.00587044534412955,0.0360323886639676,0.136621733276715,-0.11336032388664,-0.237449392712551,0.141272207006975,-0.206543759890917
"Creatinine",0.139386578302935,-0.228363195825287,0.295296357768044,0.0853325239719491,0.0262172285987364,0.0707070114417466,0.232625071503547
"Cyclohexanesulfamic acid",-0.00718659852127417,0.134622197652037,0.128583910869224,-0.207399160142124,-0.0488891138841609,-0.0977989772408803,0.066186876399231
"Cysteic Acid",-0.102631578947368,0.0544534412955466,-0.103389419776973,-0.195951417004049,-0.17834008097166,-0.0490882668751674,-0.213364606450783
"Cytidine",-0.0277327935222672,-0.0240890688259109,-0.0561784347257534,0.0949392712550607,-0.00850202429149798,-0.105444147287697,-0.0755621907960065
"Cytidine-5-monophosphate",-0.154609436124379,0.256163636800707,-0.238777012440651,-0.0741153289083468,-0.187819583504076,-0.144064543885763,-0.200380077255155
"Daidzein",0.131376518218623,-0.23502024291498,0.126599289522825,0.199392712550607,0.171255060728745,0.0613284580959884,0.0222743270470597
"Dehydrocholic acid",-0.0153846153846154,-0.00890688259109312,0.300937061136548,0.194736842105263,-0.00910931174089069,-0.118959358427354,-0.33997657071828
"Dehydroepiandrosterone sulfate",0.174907637250166,-0.231388228445532,-0.0331021144904361,0.186750341855646,-0.0566830305903315,-0.212684086098811,-0.0500931270654405
"Dihydrocapsaicin",0.129864871870349,-0.129459993080418,0.0928441776942908,0.275520016548004,-0.179563743334372,-0.112908727961929,-0.269916689985592
"Dihydroorotic acid",-0.123279352226721,0.17753036437247,-0.150072907788515,-0.248987854251012,0.110931174089069,0.136299629323517,0.228924662665475
"Dodecanedioic acid",-0.0825910931174089,-0.0969635627530364,-0.167216561578064,0.20587044534413,-0.269635627530364,0.00510007967534207,-0.0454012599141026
"E-4031",-0.156072874493927,0.297165991902834,-0.0174074023093884,-0.143927125506073,-0.131376518218623,-0.182582852377246,0.0116167542972704
"Enterolactone",-0.0696356275303644,0.0374493927125506,0.244758626410794,0.0453441295546559,-0.38582995951417,-0.0599259361852693,-0.0415645337241784
"Epicatechin",0.00728781821875691,0.0561769321029178,-0.0242660918973715,0.056885469985297,-0.174907637250166,-0.154285218333071,-0.336370019188362
"Epitestosterone sulfate",-0.113990688710236,-0.160558820865394,0.00395702889667466,0.0645879745978069,-0.128973479055809,0.0948806905232605,0.0842118733870164
"Ethyl sulfate",-0.234412955465587,0.0382591093117409,0.0250561093847257,-0.0902834008097166,0.111336032388664,-0.178757792620739,0.0456144113690984
"Ethyl-beta-glucuronide",-0.211954046528847,0.0701452503555352,0.0393005183990038,-0.0365403107912673,-0.107394099029182,-0.185397278889492,-0.049133896972698
"Ethylmalonic acid",-0.106477732793522,0.230364372469636,-0.126335541002985,-0.265182186234818,-0.140283400809717,-0.0430956732566405,0.162314832979292
"Ezetimibe",0.0734817813765182,-0.26497975708502,-0.139786715514785,0.182186234817814,0.156072874493927,-0.233456147138783,-0.0612810433112887
"FAHFA 36:2",0.184008097165992,0.0892712550607287,0.16853530417726,-0.153643724696356,0.034412955465587,0.0153002390260262,0.131301296277405
"Ferulic acid",0.246469963370459,-0.0665013412461568,0.266399487134187,0.103446530827355,0.0945391974488743,0.0826892265198317,-0.131521103827135
"Flavin adenine dinucleotide",0.0638793291084892,-0.0718768996307882,0.0902202588441822,-0.0417088487998377,-0.0431261397784729,0.047057761832101,0.0181215423744212
"Galactonic acid",-0.0840080971659919,0.256477732793522,-0.0891469997056556,-0.404858299595142,0.0259109311740891,-0.127501991883552,0.155387410691929
"gamma-Aminobutyric acid",0.0560728744939271,0.20748987854251,0.0975869523405106,-0.305668016194332,0.171255060728745,0.104551633344512,0.188425886216276
"gamma-Glutamylleucine",-0.285627530364372,0.103643724696356,-0.0978507008603498,-0.203036437246964,0.0473684210526316,0.104806637328279,0.164766074711743
"gamma-Glutamylmethionine",-0.0645748987854251,-0.0821862348178138,-0.00342873075790983,-0.0374493927125506,0.0601214574898785,0.0181052828474643,0.201747852153512
"gamma-Glutamyltyrosine",0.128549015803073,-0.110228250558698,0.0598739441380796,0.0364390910937845,0.180171061519268,0.155241531669846,-0.0632026049995877
"Gentisinic acid",0.0578947368421053,-0.0797570850202429,0.00501122187694514,-0.00748987854251012,0.147570850202429,-0.147137298633619,0.0525418336564615
"Ginkgolic acid I",0.250721190664734,-0.302242016683446,-0.0369266615829566,0.23503213755491,0.12804291731566,0.091041029661002,0.227603984783507
"Ginkgolic acid II",0.115991902834008,0.0384615384615385,-0.0369247927774905,-0.0423076923076923,0.095748987854251,0.202600665102964,0.177022283374001
"Glucose",0.0524291497975709,0.123886639676113,-0.21917501998639,-0.182186234817814,0.160931174089069,-0.369628274470416,0.0266439318744734
"Glucuronic acid A",0.0740890688259109,0.249595141700405,0.0363972957378121,-0.233400809716599,0.0821862348178138,-0.014790231058492,0.0656506481387024
"Glucuronic acid B",0.119635627530364,0.166599190283401,-0.0300673312616708,-0.162348178137652,0.0346153846153846,0.0799437489109869,-0.000532878637489467
"Glutamic acid",-0.310931174089069,0.280566801619433,0.0210998815871374,-0.358704453441296,0.115587044534413,0.128267003834853,0.181391888201415
"Glutamine",-0.298582995951417,0.101821862348178,-0.0983781979000283,-0.159514170040486,0.117611336032389,-0.0490882668751674,0.14217202048219
"Glutaric acid",-0.180971659919028,0.0277327935222672,0.00685746151581966,-0.195141700404858,-0.0757085020242915,0.0578859043151325,0.103804758582948
"Glu-Thr",-0.219140645050121,0.116908750592559,-0.0813705364167293,-0.249911433084872,0.0654891442713294,-0.118200328425419,0.204209428632732
"Glu-Val-Phe",-0.347975708502024,0.092914979757085,-0.117631839848291,-0.247975708502024,0.0829959514170041,-0.103276613425677,0.26356177410229
"Glyceraldehyde",-0.0576923076923077,0.204655870445344,-0.286430892545391,-0.244736842105263,0.127125506072874,-0.376130876056477,0.00394330191742206
"Glyceric acid",-0.191093117408907,0.246356275303644,-0.281419670668445,-0.337651821862348,0.121457489878543,-0.135534617372215,0.205797729798432
"Glycocholic acid",0.203441295546559,-0.349797570850202,-0.0269023490236002,0.352834008097166,0.15080971659919,-0.230141095349811,-0.0047959077374052
"Glycodeoxycholic acid",0.191696227104149,-0.28182282093547,0.0804840396518518,0.179645592648051,0.2138734451368,-0.191923898857219,0.0995921431248985
"Gly-Tyr",-0.0656915836662949,0.0120451440004454,-0.018727092659928,-0.00961587126085981,0.158914925047894,0.0404201770343664,0.151238611289064
"Gly-Tyr-Ala",-0.178744939271255,0.148380566801619,-0.11789558836813,-0.180161943319838,0.0111336032388664,-0.0201453147176012,0.170308012541634
"Guanine",-0.0475708502024291,0.145951417004049,-0.0667283755193221,-0.124089068825911,0.134008097165992,0.0150452350422591,0.168602800901667
"Guanosine",-0.334210526315789,0.209716599190283,-0.147435422590123,-0.204655870445344,-0.0273279352226721,-0.127119485907901,0.143770656394658
"Guanosine-3,5-cyclic monophosphate",-0.180069841821785,0.0721696443051899,-0.119484126407709,0.0277341971102693,-0.0686269548932942,-0.370093261332015,-0.234744919918367
"Halometasone",-0.0302646895473377,0.0495976517665401,-0.116582745854763,0.0898830913646685,-0.154258818963688,-0.158365488569978,-0.292884921650703
"Histamine-trifluoromethyltoluide",-0.03582995951417,0.124696356275304,-0.0118686833927648,-0.0394736842105263,-0.105263157894737,-0.0382505975650655,-0.0941063673806399
"Histidine",-0.161336032388664,0.130364372469636,-0.150600404828193,-0.177327935222672,0.0437246963562753,-0.205533210916285,0.170094861086638
"Homogentisic acid",-0.138866396761134,-0.124493927125506,0.121851816165719,0.156477732793522,-0.112145748987854,0.0840238126512606,0.10828093913786
"Homoserine",-0.143927125506073,-0.0327935222672065,0.0116049348729256,-0.0923076923076923,0.250607287449393,0.0971565178152664,0.179473525106453
"Homovanillic acid",-0.040080971659919,-0.0325910931174089,-0.188052694645362,0.0178137651821862,-0.182995951417004,0.12852200781862,-0.00841948247233358
"Hypoxanthine",0.226113360323887,0.057085020242915,0.000263748519839218,-0.0325910931174089,0.207287449392713,0.00242253784578748,0.13961420302224
"Ile-Ile",-0.237651821862348,0.102429149797571,-0.123170558764915,-0.0842105263157895,-0.0734817813765182,-0.0749711712275284,0.0343173842543217
"Indolelactic acid",0.141039512271603,-0.121977378334104,0.107272073831816,0.0713816079361674,0.306413663612355,-0.0108569167399986,0.168315027744936
"Indoxyl sulfate",0.119141614134026,-0.195262679409122,-0.0350821041385885,0.127846948726657,0.0837129268384364,-0.00911731527156877,0.00868680106645548
"Inosine",-0.36417004048583,0.361943319838057,-0.0635633932812515,-0.28663967611336,-0.0580971659919028,-0.202600665102964,0.0765213723434875
"Isoleucine",-0.0321862348178138,-0.0129554655870445,-0.202031366196841,-0.124493927125506,0.305465587044534,-0.0263929123198952,0.29798573408411
"Isomaltose A",-0.0913140330520718,0.0453533113163283,-0.011079680910689,-0.0419113189396427,-0.0990078983646632,-0.187593408279188,-0.0749379075836361
"Isorhamnetin",0.213168682898639,-0.283415152951657,0.212460185036225,0.322789615272441,-0.144642947702828,0.0970976807939118,-0.226111849083685
"Isoxanthopterin",-0.101012145748988,0.237246963562753,-0.0395622779758827,-0.209919028340081,-0.0445344129554656,0.119724370378655,0.0255781745994944
"Kaempferol",0.0923076923076923,-0.101821862348178,0.0029012337182314,0.0469635627530364,0.0123481781376518,-0.0637509959417758,-0.051049773471491
"Ketoisovaleric acid",0.0105263157894737,0.106477732793522,0.0722670944359457,-0.151417004048583,0.171052631578947,0.178120282661322,0.24992008098256
"Kynurenic acid",0.104453441295547,-0.00222672064777328,-0.172227783455009,-0.0293522267206478,0.0751012145748988,-0.178630290628856,0.0983693964805556
"Lactose A",-0.0878631444930626,-0.0160947465142822,-0.0176729396788378,-0.11387792345011,-0.00688328781742887,-0.187765688634755,0.0417819143319086
"Lactulose",-0.162550607287449,0.0562753036437247,0.0474747335710592,-0.174493927125506,-0.0287449392712551,-0.152874888268378,0.0160929348521819
"Leu-Asp",-0.201417004048583,0.111538461538462,-0.0567059317654318,-0.132995951417004,-0.0619433198380567,0.0759911871625968,0.0637322850437403
"Levocetirizine",-0.391231736204716,0.262339914209736,0.16094362164508,-0.2339897883978,-0.176175781831316,0.237684176654378,-0.0273996700476589
"Liquiritigenin",0.0724696356275304,-0.212348178137652,-0.133720499558483,0.140080971659919,-0.0295546558704453,-0.330485162962166,0.12448044971754
"L-Kynurenine",-0.107692307692308,0.114574898785425,-0.110246881292793,-0.197570850202429,0.221052631578947,-0.367205736624629,-0.0543536210239257
"LPE 14:0",-0.516801619433198,0.176518218623482,-0.0371885412973297,-0.0904858299595142,-0.0791497975708502,-0.0357005577273945,0.100394335303016
"LPE 18:1",-0.425708502024292,0.0427125506072875,-0.0646183873606084,-0.176113360323887,0.141902834008097,0.00969015138314993,0.188319310488778
"LPG 15:0",-0.24357157818546,-0.126341367238343,-0.0131900963222489,0.0354322744658815,-0.0862522795569458,-0.0627436824428013,0.0550042109717727
"LPI 16:0",-0.0178137651821862,-0.0275303643724696,0.0453647454123455,-0.0700404858299595,-0.193117408906883,0.0531683306154411,0.0101246941122999
"Lysine",-0.00526315789473684,0.0700404858299595,-0.132929253998966,-0.180161943319838,-0.000809716599190283,0.00573758963475983,0.0400724735392079
"Maleic acid",-0.196366213116506,0.143630750728001,-0.0929760586285156,-0.0334025001693025,-0.451844729562928,0.0992015701348173,0.0156141342874192
"Malic acid",-0.112550607287449,0.25668016194332,-0.0421997631742749,-0.321862348178138,0.0238866396761134,0.0638784979336594,0.0581903472138498
"Maltotriose",0.0878542510121458,0.0101214574898785,0.157194117824174,-0.0746963562753036,0.0342105263157895,-0.202600665102964,0.0597889831263182
"Mannitol",-0.0805668016194332,0.0510121457489879,-0.123698055804593,-0.201214574898785,0.241295546558704,0.0854263345619796,0.220824907375635
"Methioninesulfoxide",-0.122874493927126,0.0495951417004049,-0.0353423016584552,-0.165384615384615,0.159919028340081,0.131964561599476,0.269210287659679
"Methyl-4-hydroxy-3-methoxybenzoate",-0.178855205451992,0.171567387233235,-0.0928441776942908,-0.320765221322787,-0.0107292879331699,-0.0413764903711417,0.110524622908217
"Methylmalonic acid",-0.0153846153846154,0.101619433198381,-0.139522966994946,-0.0963562753036437,-0.128947368421053,-0.0951164859451296,-0.0184376008571356
"Muramic acid",0.193117408906883,0.0352226720647773,0.0878282571064596,0.0244939271255061,0.127125506072874,0.0661735337875633,0.158904409699359
"N-2-Fluorenylacetamide",-0.272584645321005,0.0728781821875691,0.0369266615829566,-0.137051470391623,0.163368591737134,0.0562949784248353,0.148094468207297
"N-Acetylaspartic acid",-0.217004048582996,0.0427125506072875,-0.14163295515366,-0.189878542510121,0.0813765182186235,0.0863188485051645,0.229883844212956
"N-Acetyl-D-glucosamine",0.128542510121457,0.0931174089068826,0.0606621595630201,-0.0836032388663968,0.237044534412955,-0.0785412270002678,0.0241926901420218
"N-Acetylglucosamine",0.292914979757085,0.0121457489878543,0.210998815871374,0.0350202429149798,0.269838056680162,-0.088741386350952,-0.0411382308141869
"N-Acetylglutamic acid",-0.331578947368421,0.0182186234817814,0.0598709140035025,-0.121457489878543,0.0753036437246964,0.237153704903406,0.163274014526773
"N-Acetylglycine",-0.15080971659919,0.151821862348178,-0.105499407935687,-0.259919028340081,0.097165991902834,0.104169127368862,0.14419695930465
"N-Acetylhistidine",0.130769230769231,-0.0797570850202429,-0.0490572246900945,0.109109311740891,0.225910931174089,-0.219813434007243,0.0592561044888288
"N-Acetylleucine",-0.249797570850202,0.0763157894736842,0.0210998815871374,0.0283400809716599,-0.279554655870445,0.226443537585188,-0.0619204976762761
"N-Acetylmethionine",0.0226720647773279,-0.0651821862348178,-0.126599289522825,-0.057085020242915,0.143927125506073,-0.082748792732425,0.0628796792237571
"N-Acetylneuraminic acid",0.0889721140873239,0.0914013868269095,0.223142540708438,-0.137658788576519,-0.0768257503893957,0.0800753033993127,0.0415133467914661
"N-Acetylphenylalanine",-0.108502024291498,0.0787449392712551,-0.118423085407809,-0.0451417004048583,0.0139676113360324,0.0682135656577001,0.127357994359983
"N-Acetylserine",-0.211447948041433,0.0236854092109599,-0.0662042289808721,-0.194847917654264,0.23169188753798,0.00567412579819971,0.327790238914388
"N-Acetylserotonin",0.119641682424593,0.0894782125747376,0.0211009494759752,0.0561769321029178,-0.240295561824012,-0.219697050568496,-0.241352949446149
"N-Acetyltryptophan",-0.287261501456001,0.0221671137487189,-0.210218209154403,0.0177134470594786,-0.00313781062196478,-0.00114757600413028,0.0182253717621071
"Naringin",-0.0817937955473988,0.0224730477865378,-0.0303356857514865,0.0904995708160576,-0.0560813895213601,-0.209517584429582,-0.412617290225896
"N-Carbobenzyloxyleucine",-0.0919260976039661,-0.169678567824061,0.0477505662531198,0.108327009291017,0.00485952938875592,0.152977353007318,0.121633686724767
"N-Cinnamoylglycine",0.0733842806749827,-0.0856318640703936,-0.0828212266932026,0.0967660307934945,0.0575940078676761,-0.0218039440784753,-0.0646414501387014
"N-epsilon-Acetyllysine",-0.18502024291498,0.137854251012146,0.105499407935687,-0.165384615384615,0.0259109311740891,0.00816012748054731,-0.0227006299570513
"Nervonic acid",-0.0442330077999551,-0.0240902880008909,-0.0920528920889417,0.099600182323011,-0.212257705621295,-0.0308570436666141,-0.117612267482369
"N-Formylmethionine",-0.126518218623482,-0.0206477732793522,-0.304893288934136,0.0109311740890688,0.211133603238866,-0.0830037967161922,0.00436960482741363
"Nicotinic acid",-0.219635627530364,0.269230769230769,0.0487934761702553,-0.169433198380567,-0.232995951417004,-0.265204143117788,-0.0945326702906315
"N-Isobutyrylglycine",0.0544534412955466,0.127327935222672,-0.0688383636780359,-0.267611336032389,0.234412955465587,0.100854075579889,0.157732076696882
"N-Isovalerylglycine",-0.113967611336032,0.0977732793522267,-0.0163524082300315,-0.160931174089069,0.103036437246964,0.0439881871998253,0.0248321445070092
"Nitazoxanide",0.0059728691242486,0.10649929353745,-0.131637161296044,-0.0565904040755079,0.0219680101688465,0.276225236120137,0.29591412724349
"Nizatidine",-0.344670514975666,0.400749065723543,-0.183587552484644,-0.240307724684943,-0.1270371501599,-0.184896603409437,0.0460986682360981
"N-Methylalanine",-0.297368421052632,0.254858299595142,0.0295398342219924,-0.333805668016194,0.133805668016194,0.139487179120606,0.186507523121314
"N-Methylanthranilic acid",-0.160137666576066,0.270675170938306,-0.183983215313274,-0.157202146771574,-0.217532139994921,0.093978480491555,-0.241898098408843
"N-Methylglutamic acid",-0.327732793522267,0.17753036437247,0.0514309613686475,-0.12914979757085,-0.111943319838057,0.0770112030976652,0.0303740823368996
"N-Methylisoleucine",-0.068326754070066,0.18250835198271,0.00712193091535255,-0.124101630355409,-0.192023485142097,-0.149638733862741,-0.0385310255892473
"N-Methylphenylalanine",0.0767206477732793,-0.0370445344129555,-0.110774378332472,-0.0441295546558704,0.113562753036437,-0.391941123050038,0.242779507240201
"N-Methylserine",0.113163621785698,0.0827977125408771,-0.145332789515779,-0.220355281419914,0.0915026065243923,-0.161616953915014,0.141006823633144
"N-Methyltyrosine",-0.104485172380668,0.048091527985288,-0.151437640460278,-0.0578110789044199,0.035537108048076,-0.401243119923925,-0.0474939100181726
"N-Methylvaline",0.0939271255060729,0.0204453441295547,-0.0403535235354003,-0.120445344129555,0.342105263157895,0.0204003187013683,0.0896301868257284
"Norepinephrine",-0.0104261565469878,0.0228768095108665,0.161562321690868,-0.0887741678806635,0.05526875218112,-0.0784216628253817,0.20182156833538
"O-Acetylsalicylic acid",-0.0354251012145749,0.0285425101214575,-0.147699171109962,-0.115384615384615,-0.129352226720648,0.102256597490608,0.143983807849654
"Octadecanedioic acid",-0.078242826154154,0.0888708943898412,0.137947457199188,-0.124297788508798,-0.152740523501447,-0.0031877111225841,0.203729813586361
"Oleic acid",0.225303643724696,0.0315789473684211,-0.0029012337182314,0.0305668016194332,0.0103238866396761,0.01364271313154,-0.0454012599141026
"Olmesartan",0.461538461538462,-0.211943319838057,-0.024264863825208,0.193117408906883,0.240283400809717,-0.243656306489467,-0.0657572238662003
"Omeprazole",-0.0616521575706338,0.102348655671446,-0.131769062259266,0.0443409606173031,-0.0379631512134445,0.0651029469248985,-0.3137691763477
"Orlistat",0.218016194331984,0.0562753036437247,0.0875645085866203,-0.112955465587045,0.171862348178138,0.0452632071186608,0.096024730475602
"Ornithine",0.117408906882591,0.130566801619433,-0.0709483518367496,-0.22753036437247,0.0963562753036437,-0.0965190078558486,0.0323990211593596
"Orotic acid",0.11336032388664,0.0987854251012146,0.00949494671421184,-0.238461538461538,0.228744939271255,-0.0988140437097526,0.127677721542476
"O-Succinylhomoserine",-0.223684210526316,0.141093117408907,-0.0501122187694514,-0.237044534412955,0.169635627530364,0.0652810198443785,0.129915811819932
"Otenzepad",0.0204494841203088,0.0813929962016249,-0.216317579684881,-0.0548694078871651,-0.0277384091532901,-0.300072936560796,-0.264467921358465
"Oxaprozin",-0.141201477988415,0.0423098335477831,-0.290665579031558,0.0199402804040988,-0.0471683790269544,-0.127763461793171,-0.141273276436684
"Oxazepam",0.426923076923077,-0.287651821862348,0.205196348434911,0.317813765182186,-0.0477732793522267,0.129924529729339,-0.0222743270470597
"Palmitic acid",0.053444000270884,-0.000910977277344613,0.050114755005441,-0.17875398575451,-0.0306695683372686,0.0954400710101681,0.0317611741819176
"Pantoprazole",-0.148946954298671,0.0535642004241991,-0.293671021809173,-0.0882948634591713,-0.155731077981887,-0.326856211449972,0.114562009969788
"PE-Cer 23:3;2O/18:2;O",0.148987854251012,-0.0838056680161943,0.196492647280217,0.15668016194332,0.164372469635628,-0.00127501991883552,0.0195033581321145
"Penciclovir",-0.0880700521364319,0.191830745745446,-0.0230815000283049,-0.108316041133313,-0.0619527263304555,0.331938084157153,-0.158768652490693
"PG O-18:2_11:0",0.251012145748988,-0.3417004048583,0.140314212554464,0.203238866396761,0.0159919028340081,-0.0399081234595517,0.185122038663841
"Phenylacetylglutamine",0.091497975708502,-0.180161943319838,0.204141354355555,-0.0034412955465587,0.300404858299595,0.0748436692356448,0.256208048904936
"Phenylalanine",-0.0194331983805668,-0.00242914979757085,-0.204668851395233,-0.133198380566802,0.293927125506073,-0.0289429521575662,0.259725047912366
"Phenyl-beta-glucopyranoside",-0.200607287449393,0.177935222672065,0.0717395973962673,-0.0761133603238866,-0.1917004048583,-0.0650260158606114,0.0553128025714067
"Phloretin",0.0523305835985739,-0.168834455401202,-0.0334977572931106,0.141403917383381,-0.0982843262557355,-0.19821187760228,-0.232027101322264
"Phlorobenzophenone",0.180677160006682,-0.21246014501626,-0.110911865683095,0.241915076983736,0.0293537122699931,0.205989892741385,-0.103010653848401
"Phthalic acid",-0.0263157894736842,0.0668016194331984,0.00791245559517654,0.0135627530364372,-0.204655870445344,-0.131199549648175,0.0806778257159053
"Piceid",-0.256275303643725,0.161538461538462,-0.304629540414297,-0.0789473684210526,-0.190283400809717,-0.107484179157834,-0.0365554745317775
"Pizotifen",-0.334817813765182,0.15,-0.257946052402755,-0.243117408906883,-0.0574898785425101,0.0216753386202038,0.112437392510278
"Proline",-0.0688259109311741,0.15668016194332,0.0179348993490668,-0.280769230769231,0.261133603238866,0.155424928106049,0.270595772117151
"Proline-hydroxyproline",-0.0870577526865878,-0.0143746521877854,-0.11356098013926,-0.0892848114762447,0.18272005069685,-0.0126246140344057,0.0966255679642921
"Propionic acid",-0.24353459214346,0.12399412941635,-0.147706646331826,-0.258818766463353,-0.0669062200360877,0.137709120495633,0.0718889663949779
"Pseudouridine",-0.0178137651821862,0.202834008097166,0.22603248150221,-0.219028340080972,0.266194331983806,0.0573758963475983,-0.00447618055491152
"Purine",0.0398785425101215,-0.168218623481781,0.109191887213436,0.164777327935223,0.135425101214575,-0.264311629174603,0.0893104596432347
"Pyridoxamine",0.0318842047070615,0.0173085682695477,-0.117110269591662,-0.0856318640703936,0.00455488638672307,0.0350010681259735,-0.130028968127314
"Pyridoxine",-0.445951417004049,0.107287449392713,-0.0843995263485497,-0.104048582995951,-0.190688259109312,-0.145862278714783,0.0156666319421903
"Pyroglutamic acid",-0.31417004048583,0.27914979757085,0.0319135709005454,-0.351214574898785,0.11336032388664,0.146244784690434,0.181072161018921
"Pyrrole-2-carboxylic acid",-0.239890683034081,0.149197834089551,-0.179094308677339,-0.157497849283135,-0.0464598411445753,-0.239715876418325,-0.028990065025106
"Pyruvic acid",0.138056680161943,0.313765182186235,-0.20572384547459,-0.315991902834008,0.0659919028340081,-0.212673322461764,0.115634664335214
"Quinic acid",-0.162955465587045,0.034412955465587,-0.351576776945677,-0.124291497975709,-0.0374493927125506,-0.216498382218271,-0.0104444212947936
"Ribose A",-0.256275303643725,0.317611336032389,-0.0561784347257534,-0.20668016194332,-0.0172064777327935,-0.155042422130399,-0.0107641484772872
"Riluzole",0.160550692745265,-0.184137269926632,0.060935160074725,0.267145824813843,0.274636840742689,-0.126182379667116,0.0667265367298917
"S-Adenosyl-homocysteine",-0.0470671593294717,0.0650842654813985,-0.165906215254855,-0.0936282201715297,-0.197682069183781,-0.0576338170963206,-0.0810016522760315
"Salicylic acid",0.0376518218623482,-0.214372469635628,-0.156402872264656,0.126113360323887,-0.0716599190283401,0.344127876093706,0.292656947709215
"Serine",-0.182995951417004,0.240890688259109,-0.0611896566026985,-0.237246963562753,-0.0340080971659919,-0.0155552430097933,0.109879575050328
"Ser-Val",-0.282186234817814,0.186842105263158,-0.136094236237036,-0.193522267206478,0.00101214574898785,0.0076501195130131,0.116487270155198
"Sodium lauryl sulfate",0.00404858299595142,-0.0753036437246964,-0.038771032416365,0.146761133603239,-0.112753036437247,0.110671728954923,-0.265586712924751
"Sorbose",-0.108704453441296,0.370445344129555,-0.131083014360091,-0.22995951417004,-0.0921052631578947,-0.215988374250737,-0.0597889831263182
"Stavudine",-0.0101214574898785,0.271255060728745,-0.0960044612214753,-0.0856275303643725,-0.221862348178138,0.0534233345992082,-0.278162648769502
"Sucrose",0.151821862348178,-0.12165991902834,-0.0551234406463965,0.160931174089069,-0.175303643724696,-0.287771995681176,-0.222956421925593
"Syringic acid",-0.445141700404858,-0.059919028340081,-0.174337771613723,0.0451417004048583,-0.145344129554656,-0.117429334524751,0.188745613398769
"Taurine",0.2082995951417,-0.212348178137652,0.0443097513329886,0.0621457489878543,0.139473684210526,-0.0846613226106783,-0.0606415889463014
"Taurocholic acid",0.0623481781376518,-0.236234817813765,-0.0250561093847257,0.14251012145749,0.0495951417004049,-0.199030609330224,0.0508366220164952
"Threonic acid",-0.0365403107912673,0.294852978767206,-0.220900564826615,-0.353965282097124,-0.109620932373802,-0.105449483935082,0.0325605325925363
"Threonine",-0.112753036437247,0.0481781376518219,0.0451009968925063,0.126113360323887,-0.0461538461538462,-0.239831246732961,-0.185335190118837
"Thymidine",0.0269230769230769,0.2917004048583,-0.122643061725236,-0.207692307692308,-0.0305668016194332,-0.241361270635563,-0.180539282381431
"Thymidine-5-monophosphate",-0.0590260227693114,0.104383927058594,-0.0250637209821018,0.00415105820504591,-0.141642205581932,0.184742739736111,0.0906168878012271
"Tomelukast",-0.148286856812206,-0.0637684094141229,-0.0716113472840908,0.0556708336155041,0.129561212777901,-0.134011375593436,0.0568610282753458
"Toradol",0.0198380566801619,0.000607287449392713,-0.169854046776456,0.15080971659919,-0.326720647773279,0.151727370341426,-0.241394022782729
"Torasemide",-0.101214574898785,0.0580971659919028,-0.116313097249095,-0.0165991902834008,-0.167611336032389,-0.100089063628588,0.0132153902097388
"Tyrosine",-0.2582995951417,0.269635627530364,-0.370039173334423,-0.39919028340081,0.107287449392713,0.141144705015092,0.25396995862748
"Tyr-Tyr",-0.161740890688259,-0.182793522267206,-0.11815933688797,0.0447368421052632,0.112550607287449,-0.030727980043936,0.241926901420218
"Uracil",0.001417004048583,0.23502024291498,-0.0720033459161065,-0.328542510121457,0.095748987854251,-0.0999615616367045,0.0857934606358042
"Valine",0.00728744939271255,0.0479757085020243,-0.0638271418010907,-0.17753036437247,0.309919028340081,0.113986780743895,0.307151246648929
"Val-Val",-0.446558704453441,0.207894736842105,-0.122906810245076,-0.120242914979757,-0.134412955465587,-0.0456457130943115,0.0142811474847177
"Valylphenylalanine",-0.0338056680161943,-0.0803643724696356,-0.200712623597645,0.108097165991903,0.0813765182186235,-0.0855538365538632,0.000213151454995787
"Vanillic acid",0.103441295546559,0.052834008097166,0.00263748519839218,-0.0147773279352227,0.0560728744939271,0.170470163148309,0.0571245899388709
"Vanillin",-0.0932233413815988,-0.133711220374693,-0.146651598858027,0.299002986363999,-0.111645326323456,0.189477549126399,-0.0266452803539577
"Vardenafil",-0.0902879701545994,-0.0654891442713294,0.20441544804851,0.0722708640026726,-0.153347841686343,0.147846041865451,0.0488674441691585
"Vincristine",-0.0535642004241991,0.0442486873069471,-0.491034835208329,-0.0907249973158458,-0.0416160422955498,-0.217096301224528,-0.270918629439954
"Vitexin",0.345634027775265,-0.290458121173765,0.168577965943335,0.200151866699384,0.214730454865652,-0.185944960970963,0.00282497168992666
"Willardiine",-0.25418839185584,0.272713471787986,-0.170934994495332,-0.35602571651015,-0.0718732609389272,-0.0283735012389422,-0.034642371305455
"Xanthine",0.0840080971659919,0.246761133603239,-0.164051579339994,-0.365587044534413,0.152834008097166,-0.197628087419505,0.0240861144145239
"Xanthosine",-0.0728781821875691,0.357507971509019,-0.0356078522407081,-0.32754694105413,0.035123235026509,-0.30436265798433,-0.00980546317025644
"Xylose",0.187449392712551,0.109311740890688,0.258209800922594,0.0657894736842105,0.202631578947368,0.0207828246770189,-0.052008955018972
"Zeranol",-0.033604939564268,-0.153044182593895,-0.0369266615829566,0.230173592075739,-0.37825800949298,-0.0863232171995775,-0.106208087490875
"Riboflavin",0.151214574898785,-0.14331983805668,0.0865095145072635,0.153036437246964,0.0898785425101215,0.00140252191071907,0.00415645337241784
"1-(Benzo[d[1,3dioxol-4-yl)-2-(ethylamino)propan-1-one",-0.129763652172866,-0.0126524621853418,-0.26785017741066,0.0517232654136775,0.132192924912452,-0.175515374409481,0.00676790120990526
"1,5-Pentanediamine",-0.00657928033637776,0.0868465004401865,0.0191227354626025,-0.0662989018511913,0.22096259960481,-0.0766325753869219,0.114041799914939
"1-Hexadecylpyridinium cation",-0.0906882591093117,0.183198380566802,-0.0493209732099337,-0.221457489878543,0.00182186234817814,0.146882294649852,0.173292132911575
"1-palmitoyl-2-hydroxy-sn-glycero-3-phosphoethanolamine",-0.67165991902834,0.378137651821862,-0.0480022306107377,-0.397368421052632,0.0082995951417004,-0.143822246844646,0.293083250619207
"1-Stearoyl-2-hydroxy-sn-glycero-3-phosphocholine",-0.169230769230769,0.0597165991902834,-0.173019029014527,-0.228542510121457,-0.00445344129554656,-0.0229503585390393,0.257700109089906
"2-Deoxyinosine",-0.347165991902834,0.330566801619433,-0.085982017467585,-0.234008097165992,-0.115991902834008,-0.211270800551045,-0.00223809027745576
"3-(Hydroxymethyl)-6,7-dimethylquinolin-2-ol",-0.211133603238866,0.0989878542510121,-0.233153691537869,-0.00364372469635628,-0.0469635627530364,-0.119214362411121,-0.146967928219595
"4-Hydroxyquinoline-2-carbaldehyde",0.0989878542510121,-0.111538461538462,-0.108664390173758,0.165182186234818,0.0406882591093117,-0.13068954168064,-0.122988389532569
"4-Methyl-5-thiazoleethanol",-0.0182195455468923,0.200111341923367,0.0320470670166373,-0.174300319065269,-0.0405890986905767,0.242329799538844,-0.198187595272737
"alpha-Chaconine",0.264303831348034,-0.0633924131892219,-0.197383808719951,0.045265828587192,-0.107949380926055,-0.157098226282928,0.0555540755546811
"Arg-Leu",-0.16497975708502,0.143724696356275,-0.128445529161699,-0.0864372469635628,-0.0700404858299595,0.0418206533378049,0.0662901025036897
"Benzyldimethyltetradecylammonium cation",-0.0919028340080972,0.125303643724696,0.00817620411501575,-0.115991902834008,-0.162550607287449,0.209485772664675,0.0557391054813983
"Cholic Acid",0.0649797570850202,-0.297773279352227,-0.0735858370351418,0.183603238866397,0.329554655870445,-0.152492382292728,0.117020148792687
"Choline cation",0.0965587044534413,-0.168825910931174,0.145852931471087,0.313765182186235,0.0791497975708502,-0.0400356254514352,-0.0845145519058295
"Citalopram",-0.206275303643725,0.0481781376518219,0.107081899054722,0.0961538461538462,-0.0370445344129555,0.536910887821636,0.104337637220438
"Cyclohexylamine",-0.0728744939271255,0.0637651821862348,-0.163260333780476,-0.0757085020242915,-0.315789473684211,-0.140507195055674,-0.0627731034962592
"D-erythro-N-stearoylsphingosine",-0.131578947368421,0.239473684210526,-0.139259218475107,-0.303441295546559,0.0880566801619433,-0.255003983767103,0.0726846461535633
"Desloratadine",0.0163984209768158,-0.147889463253876,-0.148373560736511,0.0838141516592809,0.338698250545838,-0.245784967635648,0.131421174416437
"Deuteroporphyrin IX",-0.012753036437247,0.189676113360324,0.127654283602181,-0.106275303643725,-0.173481781376518,0.111691744889991,-0.128850054544953
"Ethylhexadecyldimethylammonium cation",0.167417379636443,-0.210840629856537,0.296732102005901,0.192317425217196,-0.069841591263087,0.107999652833149,-0.0605913675248998
"Eutylone",-0.0927125506072874,-0.0329959514170041,-0.213636301069766,0.0795546558704453,0.0757085020242915,-0.134132095461496,0.0741767063385338
"Gln-Ile",-0.260121457489879,0.137449392712551,-0.260319789081308,-0.0829959514170041,-0.0259109311740891,-0.221343457909846,-0.0363423230767817
"Gly-Ile",-0.110323886639676,0.0287449392712551,-0.073849585554981,-0.0251012145748988,0.131781376518219,-0.122146908224443,0.0942129431081378
"Gly-Val",-0.204655870445344,0.0738866396761134,0.00184623963887453,-0.153643724696356,0.147165991902834,-0.121764402248792,0.260151350822358
"Guanidine",-0.00993210550902949,-0.0711463068095786,0.168889547918632,-0.0933415221817975,0.231580215185024,-0.34483691175793,0.227732447834814
"Hematoporphyrin",0.111449901997078,-0.00609015857907531,-0.138068570836606,0.0958184949774515,0.0915553839720988,-0.303806947562782,-0.225407924945325
"Heptadecasphinganine",-0.0633603238866397,0.348582995951417,-0.189898934284237,-0.348178137651822,0.0491902834008097,-0.282289410030183,-0.00149206018497051
"Histamine",0.126929500643349,0.12399412941635,0.0439163510968733,-0.141606356778346,-0.00131585606727555,-0.100157883471593,-0.0181720812013992
"Indole-6-carboxaldehyde",0.44251012145749,-0.175506072874494,0.0363972957378121,-0.00789473684210526,0.520242914979757,0.0781587210246172,0.221784088923116
"Lidocaine-N-Oxide",-0.125506072874494,0.00748987854251012,0.132401756959287,-0.0253036437246964,-0.0299595141700405,0.565598835995435,0.224235330655568
"L-Isoleucine",-0.254251012145749,0.0645748987854251,-0.0585521714043064,-0.152834008097166,0.188259109311741,0.275404302468472,0.277203467222021
"Lithocholic acid",-0.0736842105263158,-0.0738866396761134,0.246868614569508,0.0538461538461538,0.378542510121458,-0.148412318552454,0.0362357473492838
"L-Phenylalanine",-0.108097165991903,0.10587044534413,-0.139522966994946,-0.214777327935223,0.25748987854251,0.0436056812241747,0.202600457973495
"L-Tyrosine",-0.42834008097166,0.265384615384615,-0.0989056949397067,-0.367004048582996,0.051417004048583,0.173912716929164,0.241713749965222
"L-Valine",-0.000607287449392713,0.0115384615384615,-0.067783369598679,-0.0969635627530364,0.156072874493927,0.197118079451971,0.214217212270766
"Maltose",0.402024291497976,-0.0795546558704453,0.127126786562503,0.0751012145748988,0.162348178137652,-0.171490179083377,-0.2023873065185
"Mesoporphyrin IX",-0.321255060728745,0.0969635627530364,-0.180667736089864,0.0062753036437247,-0.196963562753036,0.192273003760396,-0.00916551256481884
"Metformin",0.0811905260618199,-0.235877712872868,0.121876490017579,0.173921850092527,0.211378825956459,-0.208380441283612,0.116617455044805
"Methionine",-0.18663967611336,0.181578947368421,-0.163260333780476,-0.295344129554656,0.141093117408907,-0.138722167169304,0.165405529076731
"N,N-Dimethylaniline",-0.216801619433198,0.100404858299595,-0.327839410160148,-0.0459514170040486,0.0246963562753036,-0.168557633270055,0.0266439318744734
"N-Acetyldihydrosphingosine",-0.262348178137652,0.303441295546559,-0.0983781979000283,-0.274291497975709,-0.0789473684210526,-0.168302629286288,0.0229137814120471
"Nicotinate",-0.190080971659919,0.201821862348178,0.0451009968925063,-0.119635627530364,-0.0461538461538462,-0.17123517509961,-0.150165200044532
"N-Methyl-2-pyrrolidone",0.110323886639676,0.00931174089068826,-0.0896744967453341,-0.0761133603238866,0.0819838056680162,0.044370693175476,0.0112970271147767
"N-Methyltyramine",0.122070955164178,-0.0439293487075069,0.0411468514781516,0.0340098183541989,0.0887696746923584,-0.170797561948056,-0.124859783738646
"n-Octadecylamine",0.134224112439863,-0.323008403314934,0.264038994306219,0.282720924618806,-0.0222694605857993,0.214097515258237,-0.0318693683296956
"Norverapamil",0.129384969975626,0.0226778038141943,0.120959307331798,-0.10255631814187,-0.0165021518826503,-0.314945871822903,-0.0255846492672603
"O-Benzyl-L-serine",-0.166396761133603,0.105263157894737,-0.0912569878643694,0.0226720647773279,-0.355263157894737,0.49254019464616,0.021954599864566
"Palmitoyl-L-carnitine",0.140080971659919,-0.154251012145749,0.0232098697458512,0.0331983805668016,0.227327935222672,-0.122911920175744,0.16998828535914
"Pantothenic acid",-0.140080971659919,0.0890688259109312,-0.185942706486649,-0.0601214574898785,-0.0305668016194332,-0.185515398190568,-0.166044983441718
"Peimine",-0.257894736842105,0.0534412955465587,-0.108136893134079,0.0546558704453441,-0.226720647773279,-0.00943514739938283,-0.0349568386193091
"Phenylethylamine",-0.0607287449392713,0.156072874493927,0.0783333103922477,-0.196963562753036,-0.0593117408906883,0.175187736848,0.0563785598463856
"Piperine",0.187854251012146,-0.0791497975708502,0.141369206633821,-0.0188259109311741,0.210323886639676,-0.0898889042779039,-0.0995417294830325
"Promecarb",-0.045042765379817,0.0449415456823343,-0.175665404387493,0.0612379169770546,0.0259122425555801,-0.0646467815660056,-0.0877162629252288
"Quinolin-2-ol",-0.168218623481781,0.0945344129554656,0.352895519544874,-0.107692307692308,-0.00465587044534413,0.218538414088408,0.181178736746419
"Quinoline-2,6-diol",0.297570850202429,-0.314574898785425,0.252143584966292,0.286032388663968,0.169028340080972,0.262654103280116,0.0423105638166637
"Quinoline-2,8-diol",0.0645748987854251,-0.0558704453441296,0.205460096954751,-0.0368421052631579,0.132591093117409,0.0119851872370539,0.0717254646060823
"Roquefortine A",-0.0285425101214575,0.00809716599190283,0.00184623963887453,-0.118623481781377,0.163765182186235,0.285094453851622,0.162954287344279
"Sertraline",-0.00685805072074543,-0.110915781848979,0.090385772307147,0.178441204330165,0.110520125076628,-0.127926933128887,0.0929743564448539
"Solanidine",-0.00425101214574899,0.0283400809716599,0.0880920056262988,-0.090080971659919,-0.107085020242915,-0.103149111433793,0.204945123978449
"Stearoyl ethanolamide",-0.0696356275303644,0.0582995951417004,-0.106554402015044,-0.248582995951417,0.27753036437247,-0.114624290703313,0.244164991697674
"TAG 39:3",0.136842105263158,0.0323886639676113,0.0044837248372667,-0.00789473684210526,0.0866396761133603,-0.282671916005834,0.0541404695689299
"Theophylline",-0.12085020242915,-0.121255060728745,-0.0986419464198675,0.048582995951417,0.0192307692307692,-0.140124689080023,-0.148140261222072
"Thr-Leu",-0.316194331983806,0.169433198380567,-0.173810274574045,-0.0736842105263158,-0.169433198380567,-0.0521483146803726,-0.0236598115045323
"Tomatidine",-0.354858299595142,0.140688259109312,0.149545410748837,-0.0261133603238866,-0.360526315789474,0.0530408286235575,-0.0241926901420218
"trans-Zeatin",-0.119028340080972,0.2417004048583,-0.303838294854779,-0.209716599190283,-0.25587044534413,-0.164987577497316,-0.246829384885121
"Trihydroxycholestanoic acid",0.0151821862348178,0.116396761133603,-0.0574971773249495,-0.240688259109312,0.187449392712551,-0.469334832123354,0.114462331332738
"Tryptamine",0.172874493927126,-0.0425101214574899,0.0395622779758827,-0.0121457489878543,-0.0368421052631579,0.148284816560571,-0.192475763861196
"Tryptophan",-0.108097165991903,0.00182186234817814,-0.188580191685041,-0.119230769230769,0.0382591093117409,0.0544433505342766,0.0844079761783316
"Tyramine",0.191295546558704,-0.0103238866396761,0.101806928657938,0.00870445344129555,-0.0987854251012146,-0.018487788823115,-0.104017910037944
